symbol,type,role,entry_time,entry_price,sl,volume,mfe,mae,is_risk_bearing,point,status,is_adapted,phenomenon,exit_price,exit_time,profit
XAGUSD,BUY,Runner,2026-02-23 14:30:00,86.496,86.496,0.01,1078000.000000003,0.0,False,0.001,CLOSED_SL,False,MED_VOL_TRENDING_NEUTRAL,86.496,2026-02-23 15:30:00,0.0
XAGUSD,BUY,Scalper,2026-02-23 14:30:00,86.496,86.44073305155341,0.01,2543000.0000000065,-512000.00000000047,True,0.001,CLOSED_SL,False,MED_VOL_TRENDING_NEUTRAL,86.44073305155341,2026-02-24 01:00:00,-55266.94844658664
XAGUSD,BUY,Runner,2026-02-25 12:00:00,90.491,90.491,0.01,790000.0000000063,-1088999.9999999986,False,0.001,CLOSED_SL,False,MED_VOL_TRENDING_NEUTRAL,90.491,2026-02-25 20:00:00,0.0
XAGUSD,BUY,Scalper,2026-02-25 12:00:00,90.491,89.7865619398343,0.01,790000.0000000063,-1088999.9999999986,True,0.001,CLOSED_SL,False,MED_VOL_TRENDING_NEUTRAL,89.7865619398343,2026-02-25 20:30:00,-704438.0601656997
USDJPY DFX 10 Index,BUY,Scalper,2026-02-27 06:00:00,173622.08,173753.71466918717,0.01,0.0,0.0,False,0.01,CLOSED_SL,False,MED_VOL_TRENDING_NEUTRAL,173753.71466918717,2026-02-27 06:30:00,13163466.918718768
USDJPY DFX 10 Index,BUY,Runner,2026-02-27 06:00:00,173622.08,173753.71466918717,0.01,0.0,0.0,False,0.01,CLOSED_SL,False,MED_VOL_TRENDING_NEUTRAL,173753.71466918717,2026-02-27 06:30:00,13163466.918718768
AUDUSD DFX 10 Index,SELL,Scalper,2026-03-09 08:30:00,88536.42,88540.1495524994,0.01,0.0,0.0,True,0.01,CLOSED_SL,False,MED_VOL_TRENDING_NEUTRAL,88540.1495524994,2026-03-09 09:00:00,-372955.24993969593
AUDUSD DFX 10 Index,SELL,Runner,2026-03-09 08:30:00,88536.42,88543.46735,0.01,0.0,0.0,True,0.01,CLOSED_SL,False,MED_VOL_TRENDING_NEUTRAL,88543.46735,2026-03-09 09:00:00,-704735.0000008009
XAGUSD,BUY,Scalper,2026-03-10 13:30:00,89.389,87.92610417449814,0.01,322000.00000000274,-1048999.9999999923,True,0.001,CLOSED_SL,False,LOW_VOL_TRENDING_NEUTRAL,87.92610417449814,2026-03-10 18:00:00,-1462895.8255018604
XAGUSD,BUY,Runner,2026-03-10 13:30:00,89.389,85.446716,0.01,322000.00000000274,-3399000.000000001,True,0.001,CLOSED_SL,False,LOW_VOL_TRENDING_NEUTRAL,85.446716,2026-03-11 12:30:00,-3942284.000000001
AUDUSD DFX 10 Index,BUY,Scalper,2026-03-12 11:30:00,89314.04,89523.03801928052,0.01,0.0,0.0,False,0.01,CLOSED_SL,False,MED_VOL_TRENDING_NEUTRAL,89523.03801928052,2026-03-12 12:00:00,20899801.92805233
AUDUSD DFX 10 Index,BUY,Runner,2026-03-12 11:30:00,89314.04,89523.03801928052,0.01,0.0,0.0,False,0.01,CLOSED_SL,False,MED_VOL_TRENDING_NEUTRAL,89523.03801928052,2026-03-12 12:00:00,20899801.92805233
XAGUSD,SELL,Scalper,2026-03-13 14:00:00,83.564,80.5028918934085,0.01,6491999.999999991,0.0,False,0.001,CLOSED_SL,False,MED_VOL_TRENDING_NEUTRAL,80.5028918934085,2026-03-16 13:00:00,3061108.10659149
XAGUSD,SELL,Runner,2026-03-13 14:00:00,83.564,80.5028918934085,0.01,6491999.999999991,0.0,False,0.001,CLOSED_SL,False,MED_VOL_TRENDING_NEUTRAL,80.5028918934085,2026-03-16 13:00:00,3061108.10659149
XAGUSD,BUY,Scalper,2026-03-25 08:30:00,73.288,71.9244852907977,0.01,91999.99999999875,-1346999.9999999942,True,0.001,CLOSED_SL,False,LOW_VOL_TRENDING_NEUTRAL,71.9244852907977,2026-03-25 14:00:00,-1363514.709202292
XAGUSD,BUY,Runner,2026-03-25 08:30:00,73.288,70.835712,0.01,91999.99999999875,-2415999.9999999967,True,0.001,CLOSED_SL,False,LOW_VOL_TRENDING_NEUTRAL,70.835712,2026-03-25 23:00:00,-2452287.999999996
XAGUSD,BUY,Scalper,2026-03-26 13:30:00,68.593,70.12823910331898,0.01,0.0,0.0,False,0.001,CLOSED_SL,False,MED_VOL_TRENDING_NEUTRAL,70.12823910331898,2026-03-26 14:00:00,1535239.1033189718
XAGUSD,BUY,Runner,2026-03-26 13:30:00,68.593,70.12823910331898,0.01,0.0,0.0,False,0.001,CLOSED_SL,False,MED_VOL_TRENDING_NEUTRAL,70.12823910331898,2026-03-26 14:00:00,1535239.1033189718
XAGUSD,BUY,Scalper,2026-04-02 14:00:00,71.413,72.47119225222842,0.01,0.0,0.0,False,0.001,CLOSED_SL,False,MED_VOL_TRENDING_NEUTRAL,72.47119225222842,2026-04-02 14:30:00,1058192.252228423
XAGUSD,BUY,Runner,2026-04-02 14:00:00,71.413,72.47119225222842,0.01,0.0,0.0,False,0.001,CLOSED_SL,False,MED_VOL_TRENDING_NEUTRAL,72.47119225222842,2026-04-02 14:30:00,1058192.252228423
Volatility 75 Index,BUY,Scalper,2026-04-05 08:00:00,33891.38,33862.10601734627,0.01,0.0,0.0,True,0.01,CLOSED_SL,True,MED_VOL_RANGING_NEUTRAL,33862.10601734627,2026-04-05 08:30:00,-2927398.2653729036
Volatility 75 Index,BUY,Runner,2026-04-05 08:00:00,33891.38,33845.245225,0.01,0.0,0.0,True,0.01,CLOSED_SL,True,MED_VOL_RANGING_NEUTRAL,33845.245225,2026-04-05 08:30:00,-4613477.499999862
Jump 75 Index,BUY,Scalper,2026-04-06 01:30:00,14565.93,14713.67981527184,0.01,0.0,0.0,False,0.01,CLOSED_SL,False,MED_VOL_TRENDING_NEUTRAL,14713.67981527184,2026-04-06 02:00:00,14774981.52718399
Jump 75 Index,BUY,Runner,2026-04-06 01:30:00,14565.93,14713.67981527184,0.01,0.0,0.0,False,0.01,CLOSED_SL,False,MED_VOL_TRENDING_NEUTRAL,14713.67981527184,2026-04-06 02:00:00,14774981.52718399
Jump 75 Index,BUY,Scalper,2026-04-06 05:00:00,14545.83,14659.626330596264,0.01,0.0,0.0,False,0.01,CLOSED_SL,True,MED_VOL_RANGING_NEUTRAL,14659.626330596264,2026-04-06 05:30:00,11379633.059626395
Jump 75 Index,BUY,Runner,2026-04-06 05:00:00,14545.83,14659.626330596264,0.01,0.0,0.0,False,0.01,CLOSED_SL,True,MED_VOL_RANGING_NEUTRAL,14659.626330596264,2026-04-06 05:30:00,11379633.059626395
USDJPY DFX 20 Index,SELL,Scalper,2026-04-06 05:30:00,195895.02,195795.84527987125,0.01,0.0,0.0,False,0.01,CLOSED_SL,True,MED_VOL_RANGING_NEUTRAL,195795.84527987125,2026-04-06 06:00:00,9917472.012873624
USDJPY DFX 20 Index,SELL,Runner,2026-04-06 05:30:00,195895.02,195795.84527987125,0.01,0.0,0.0,False,0.01,CLOSED_SL,True,MED_VOL_RANGING_NEUTRAL,195795.84527987125,2026-04-06 06:00:00,9917472.012873624
XAGUSD,SELL,Scalper,2026-04-06 13:30:00,72.763,72.59525266049125,0.01,0.0,0.0,False,0.001,CLOSED_SL,True,MED_VOL_RANGING_NEUTRAL,72.59525266049125,2026-04-06 14:00:00,167747.3395087503
XAGUSD,SELL,Runner,2026-04-06 13:30:00,72.763,72.59525266049125,0.01,0.0,0.0,False,0.001,CLOSED_SL,True,MED_VOL_RANGING_NEUTRAL,72.59525266049125,2026-04-06 14:00:00,167747.3395087503
Jump 10 Index,SELL,Scalper,2026-04-06 20:00:00,100736.03,100708.16950794683,0.01,0.0,0.0,False,0.01,CLOSED_SL,True,MED_VOL_RANGING_NEUTRAL,100708.16950794683,2026-04-06 20:30:00,2786049.2053165217
Jump 10 Index,SELL,Runner,2026-04-06 20:00:00,100736.03,100708.16950794683,0.01,0.0,0.0,False,0.01,CLOSED_SL,True,MED_VOL_RANGING_NEUTRAL,100708.16950794683,2026-04-06 20:30:00,2786049.2053165217
XAGUSD,SELL,Runner,2026-04-07 10:30:00,72.433,72.433,0.01,716000.0000000081,0.0,False,0.001,CLOSED_SL,False,MED_VOL_TRENDING_NEUTRAL,72.433,2026-04-07 12:00:00,0.0
Jump 10 Index,SELL,Scalper,2026-04-07 16:00:00,100747.64,100673.62789040615,0.01,0.0,0.0,False,0.01,CLOSED_SL,True,MED_VOL_RANGING_NEUTRAL,100673.62789040615,2026-04-07 16:30:00,7401210.959385207
Jump 10 Index,SELL,Runner,2026-04-07 16:00:00,100747.64,100673.62789040615,0.01,0.0,0.0,False,0.01,CLOSED_SL,True,MED_VOL_RANGING_NEUTRAL,100673.62789040615,2026-04-07 16:30:00,7401210.959385207
XAGUSD,SELL,Scalper,2026-04-07 10:30:00,72.433,72.18392127651512,0.01,2629000.0000000047,-19999.99999999602,False,0.001,CLOSED_SL,False,MED_VOL_TRENDING_NEUTRAL,72.18392127651512,2026-04-07 17:30:00,249078.72348488524
Volatility 75 Index,SELL,Scalper,2026-04-08 01:30:00,33509.79,33408.19343993917,0.01,0.0,0.0,False,0.01,CLOSED_SL,True,MED_VOL_RANGING_NEUTRAL,33408.19343993917,2026-04-08 02:00:00,10159656.006083243
Volatility 75 Index,SELL,Runner,2026-04-08 01:30:00,33509.79,33408.19343993917,0.01,0.0,0.0,False,0.01,CLOSED_SL,True,MED_VOL_RANGING_NEUTRAL,33408.19343993917,2026-04-08 02:00:00,10159656.006083243
XAGUSD,BUY,Runner,2026-04-08 09:00:00,76.909,76.909,0.01,497999.99999999045,-310000.00000000227,False,0.001,CLOSED_SL,False,LOW_VOL_TRENDING_NEUTRAL,76.909,2026-04-08 12:00:00,0.0
XAGUSD,BUY,Scalper,2026-04-08 09:00:00,76.909,75.5451139490985,0.01,678999.9999999879,-1189000.000000007,True,0.001,CLOSED_SL,False,LOW_VOL_TRENDING_NEUTRAL,75.5451139490985,2026-04-08 14:30:00,-1363886.0509014989
Jump 75 Index,SELL,Scalper,2026-04-09 00:30:00,13952.02,13706.073129085657,0.01,0.0,0.0,False,0.01,CLOSED_SL,False,MED_VOL_TRENDING_NEUTRAL,13706.073129085657,2026-04-09 01:00:00,24594687.09143439
Jump 75 Index,SELL,Runner,2026-04-09 00:30:00,13952.02,13706.073129085657,0.01,0.0,0.0,False,0.01,CLOSED_SL,False,MED_VOL_TRENDING_NEUTRAL,13706.073129085657,2026-04-09 01:00:00,24594687.09143439
XAGUSD,BUY,Scalper,2026-04-09 08:00:00,74.098,74.45328582086168,0.01,0.0,0.0,False,0.001,CLOSED_SL,False,LOW_VOL_TRENDING_NEUTRAL,74.45328582086168,2026-04-09 08:30:00,355285.82086168113
XAGUSD,BUY,Runner,2026-04-09 08:00:00,74.098,74.45328582086168,0.01,0.0,0.0,False,0.001,CLOSED_SL,False,LOW_VOL_TRENDING_NEUTRAL,74.45328582086168,2026-04-09 08:30:00,355285.82086168113
XAGUSD,BUY,Scalper,2026-04-09 09:00:00,74.078,74.4243518861549,0.01,0.0,0.0,False,0.001,CLOSED_SL,False,LOW_VOL_TRENDING_NEUTRAL,74.4243518861549,2026-04-09 09:30:00,346351.886154892
XAGUSD,BUY,Runner,2026-04-09 09:00:00,74.078,74.4243518861549,0.01,0.0,0.0,False,0.001,CLOSED_SL,False,LOW_VOL_TRENDING_NEUTRAL,74.4243518861549,2026-04-09 09:30:00,346351.886154892
Jump 75 Index,SELL,Scalper,2026-04-09 09:00:00,13756.38,13723.938640910274,0.01,0.0,0.0,False,0.01,CLOSED_SL,True,MED_VOL_RANGING_NEUTRAL,13723.938640910274,2026-04-09 09:30:00,3244135.9089725665
Jump 75 Index,SELL,Runner,2026-04-09 09:00:00,13756.38,13723.938640910274,0.01,0.0,0.0,False,0.01,CLOSED_SL,True,MED_VOL_RANGING_NEUTRAL,13723.938640910274,2026-04-09 09:30:00,3244135.9089725665
Jump 75 Index,SELL,Scalper,2026-04-09 10:00:00,13749.12,13724.267457449278,0.01,0.0,0.0,False,0.01,CLOSED_SL,True,MED_VOL_RANGING_NEUTRAL,13724.267457449278,2026-04-09 10:30:00,2485254.2550723227
Jump 75 Index,SELL,Runner,2026-04-09 10:00:00,13749.12,13724.267457449278,0.01,0.0,0.0,False,0.01,CLOSED_SL,True,MED_VOL_RANGING_NEUTRAL,13724.267457449278,2026-04-09 10:30:00,2485254.2550723227
Volatility 75 Index,SELL,Scalper,2026-04-10 03:30:00,32582.5,31980.666491835836,0.01,0.0,0.0,False,0.01,CLOSED_SL,False,MED_VOL_TRENDING_NEUTRAL,31980.666491835836,2026-04-10 04:00:00,60183350.81641635
Volatility 75 Index,SELL,Runner,2026-04-10 03:30:00,32582.5,31980.666491835836,0.01,0.0,0.0,False,0.01,CLOSED_SL,False,MED_VOL_TRENDING_NEUTRAL,31980.666491835836,2026-04-10 04:00:00,60183350.81641635
Volatility 75 Index,SELL,Scalper,2026-04-10 05:30:00,32584.05,32084.185341470526,0.01,0.0,0.0,False,0.01,CLOSED_SL,False,MED_VOL_TRENDING_NEUTRAL,32084.185341470526,2026-04-10 06:00:00,49986465.85294737
Volatility 75 Index,SELL,Runner,2026-04-10 05:30:00,32584.05,32084.185341470526,0.01,0.0,0.0,False,0.01,CLOSED_SL,False,MED_VOL_TRENDING_NEUTRAL,32084.185341470526,2026-04-10 06:00:00,49986465.85294737
Jump 50 Index,BUY,Scalper,2026-04-11 07:00:00,33674.96,33772.22227263883,0.01,0.0,0.0,False,0.01,CLOSED_SL,True,MED_VOL_RANGING_NEUTRAL,33772.22227263883,2026-04-11 07:30:00,9726227.263882902
Jump 50 Index,BUY,Runner,2026-04-11 07:00:00,33674.96,33772.22227263883,0.01,0.0,0.0,False,0.01,CLOSED_SL,True,MED_VOL_RANGING_NEUTRAL,33772.22227263883,2026-04-11 07:30:00,9726227.263882902
DEX 1500 DOWN Index,SELL,Scalper,2026-04-11 10:30:00,34063.54,33835.21244428994,0.01,83059000.00000037,0.0,False,0.01,CLOSED_SL,True,MED_VOL_RANGING_NEUTRAL,33835.21244428994,2026-04-11 20:30:00,22832755.571006417
DEX 1500 DOWN Index,SELL,Runner,2026-04-11 10:30:00,34063.54,33835.21244428994,0.01,83059000.00000037,0.0,False,0.01,CLOSED_SL,True,MED_VOL_RANGING_NEUTRAL,33835.21244428994,2026-04-11 20:30:00,22832755.571006417
DEX 1500 DOWN Index,SELL,Scalper,2026-04-12 11:30:00,34136.6,34031.80662437439,0.01,32811999.999999534,0.0,False,0.01,CLOSED_SL,False,MED_VOL_TRENDING_NEUTRAL,34031.80662437439,2026-04-12 13:30:00,10479337.562560977
DEX 1500 DOWN Index,SELL,Runner,2026-04-12 11:30:00,34136.6,34031.80662437439,0.01,32811999.999999534,0.0,False,0.01,CLOSED_SL,False,MED_VOL_TRENDING_NEUTRAL,34031.80662437439,2026-04-12 13:30:00,10479337.562560977
DEX 1500 DOWN Index,SELL,Scalper,2026-04-12 17:30:00,34066.5,34081.61482847258,0.01,0.0,0.0,True,0.01,CLOSED_SL,True,MED_VOL_RANGING_NEUTRAL,34081.61482847258,2026-04-12 18:00:00,-1511482.8472578665
DEX 1500 DOWN Index,SELL,Runner,2026-04-12 17:30:00,34066.5,34087.869835,0.01,0.0,0.0,True,0.01,CLOSED_SL,True,MED_VOL_RANGING_NEUTRAL,34087.869835,2026-04-12 18:00:00,-2136983.499999769
Jump 10 Index,SELL,Scalper,2026-04-13 12:00:00,99098.84,99005.90875060816,0.01,0.0,0.0,False,0.01,CLOSED_SL,False,MED_VOL_TRENDING_NEUTRAL,99005.90875060816,2026-04-13 12:30:00,9293124.939184055
Jump 10 Index,SELL,Runner,2026-04-13 12:00:00,99098.84,99005.90875060816,0.01,0.0,0.0,False,0.01,CLOSED_SL,False,MED_VOL_TRENDING_NEUTRAL,99005.90875060816,2026-04-13 12:30:00,9293124.939184055
XAGUSD,SELL,Scalper,2026-04-13 14:30:00,74.041,74.57802935381007,0.01,323999.9999999981,-174999.99999999715,True,0.001,CLOSED_SL,True,MED_VOL_RANGING_NEUTRAL,74.57802935381007,2026-04-13 16:00:00,-537029.3538100696
XAGUSD,SELL,Runner,2026-04-13 14:30:00,74.041,74.701159,0.01,323999.9999999981,-174999.99999999715,True,0.001,CLOSED_SL,True,MED_VOL_RANGING_NEUTRAL,74.701159,2026-04-13 16:00:00,-660159.0000000072
Jump 10 Index,BUY,Scalper,2026-04-13 23:00:00,99134.51,99293.50251948767,0.01,61119000.00000023,0.0,False,0.01,CLOSED_SL,True,MED_VOL_RANGING_NEUTRAL,99293.50251948767,2026-04-14 08:00:00,15899251.948767051
Jump 10 Index,BUY,Runner,2026-04-13 23:00:00,99134.51,99293.50251948767,0.01,61119000.00000023,0.0,False,0.01,CLOSED_SL,True,MED_VOL_RANGING_NEUTRAL,99293.50251948767,2026-04-14 08:00:00,15899251.948767051
XAGUSD,BUY,Scalper,2026-04-14 13:00:00,77.486,78.82977170814225,0.01,3515999.999999991,0.0,False,0.001,CLOSED_SL,False,MED_VOL_TRENDING_NEUTRAL,78.82977170814225,2026-04-15 09:00:00,1343771.708142242
XAGUSD,BUY,Runner,2026-04-14 13:00:00,77.486,78.82977170814225,0.01,3515999.999999991,0.0,False,0.001,CLOSED_SL,False,MED_VOL_TRENDING_NEUTRAL,78.82977170814225,2026-04-15 09:00:00,1343771.708142242
XAGUSD,BUY,Scalper,2026-04-15 12:00:00,79.03,78.80425617993961,0.01,0.0,0.0,True,0.001,CLOSED_SL,True,MED_VOL_RANGING_NEUTRAL,78.80425617993961,2026-04-15 12:30:00,-225743.82006038717
XAGUSD,BUY,Runner,2026-04-15 12:00:00,79.03,79.03,0.01,1459999.9999999937,-477999.9999999944,False,0.001,CLOSED_SL,True,MED_VOL_RANGING_NEUTRAL,79.03,2026-04-15 15:30:00,0.0
USDJPY DFX 10 Index,SELL,Scalper,2026-04-15 15:30:00,177370.32,177254.76742883795,0.01,0.0,0.0,False,0.01,CLOSED_SL,True,MED_VOL_RANGING_NEUTRAL,177254.76742883795,2026-04-15 16:00:00,11555257.116205757
USDJPY DFX 10 Index,SELL,Runner,2026-04-15 15:30:00,177370.32,177254.76742883795,0.01,0.0,0.0,False,0.01,CLOSED_SL,True,MED_VOL_RANGING_NEUTRAL,177254.76742883795,2026-04-15 16:00:00,11555257.116205757
USDJPY DFX 10 Index,SELL,Scalper,2026-04-15 16:30:00,177306.47,177266.02101370238,0.01,0.0,0.0,False,0.01,CLOSED_SL,True,MED_VOL_RANGING_NEUTRAL,177266.02101370238,2026-04-15 17:00:00,4044898.629761883
USDJPY DFX 10 Index,SELL,Runner,2026-04-15 16:30:00,177306.47,177266.02101370238,0.01,0.0,0.0,False,0.01,CLOSED_SL,True,MED_VOL_RANGING_NEUTRAL,177266.02101370238,2026-04-15 17:00:00,4044898.629761883
Jump 10 Index,BUY,Scalper,2026-04-16 06:00:00,99371.35,99465.20807511512,0.01,0.0,0.0,False,0.01,CLOSED_SL,True,MED_VOL_RANGING_NEUTRAL,99465.20807511512,2026-04-16 06:30:00,9385807.511511667
Jump 10 Index,BUY,Runner,2026-04-16 06:00:00,99371.35,99465.20807511512,0.01,0.0,0.0,False,0.01,CLOSED_SL,True,MED_VOL_RANGING_NEUTRAL,99465.20807511512,2026-04-16 06:30:00,9385807.511511667
Jump 10 Index,BUY,Scalper,2026-04-16 08:30:00,99306.13,99435.06192631468,0.01,0.0,0.0,False,0.01,CLOSED_SL,True,MED_VOL_RANGING_NEUTRAL,99435.06192631468,2026-04-16 09:00:00,12893192.631467536
Jump 10 Index,BUY,Runner,2026-04-16 08:30:00,99306.13,99435.06192631468,0.01,0.0,0.0,False,0.01,CLOSED_SL,True,MED_VOL_RANGING_NEUTRAL,99435.06192631468,2026-04-16 09:00:00,12893192.631467536
Jump 10 Index,BUY,Scalper,2026-04-16 10:00:00,99352.24,99423.85202530699,0.01,0.0,0.0,False,0.01,CLOSED_SL,True,MED_VOL_RANGING_NEUTRAL,99423.85202530699,2026-04-16 10:30:00,7161202.53069821
Jump 10 Index,BUY,Runner,2026-04-16 10:00:00,99352.24,99423.85202530699,0.01,0.0,0.0,False,0.01,CLOSED_SL,True,MED_VOL_RANGING_NEUTRAL,99423.85202530699,2026-04-16 10:30:00,7161202.53069821
Jump 10 Index,BUY,Scalper,2026-04-16 13:00:00,99355.52,99393.08649094113,0.01,0.0,0.0,False,0.01,CLOSED_SL,True,MED_VOL_RANGING_NEUTRAL,99393.08649094113,2026-04-16 13:30:00,3756649.0941127995
Jump 10 Index,BUY,Runner,2026-04-16 13:00:00,99355.52,99393.08649094113,0.01,0.0,0.0,False,0.01,CLOSED_SL,True,MED_VOL_RANGING_NEUTRAL,99393.08649094113,2026-04-16 13:30:00,3756649.0941127995
USDJPY DFX 10 Index,BUY,Scalper,2026-04-16 04:30:00,177456.09,179005.03016091368,0.01,240422000.00000012,0.0,False,0.01,CLOSED_SL,True,MED_VOL_RANGING_NEUTRAL,179005.03016091368,2026-04-17 09:30:00,154894016.0913684
USDJPY DFX 10 Index,BUY,Runner,2026-04-16 04:30:00,177456.09,179005.03016091368,0.01,240422000.00000012,0.0,False,0.01,CLOSED_SL,True,MED_VOL_RANGING_NEUTRAL,179005.03016091368,2026-04-17 09:30:00,154894016.0913684
Jump 75 Index,SELL,Scalper,2026-04-18 00:30:00,15414.52,15283.20800352144,0.01,0.0,0.0,False,0.01,CLOSED_SL,True,MED_VOL_RANGING_NEUTRAL,15283.20800352144,2026-04-18 01:00:00,13131199.64785601
Jump 75 Index,SELL,Runner,2026-04-18 00:30:00,15414.52,15283.20800352144,0.01,0.0,0.0,False,0.01,CLOSED_SL,True,MED_VOL_RANGING_NEUTRAL,15283.20800352144,2026-04-18 01:00:00,13131199.64785601
Jump 75 Index,SELL,Scalper,2026-04-18 12:30:00,15278.16,15241.533125085061,0.01,0.0,0.0,False,0.01,CLOSED_SL,True,MED_VOL_RANGING_NEUTRAL,15241.533125085061,2026-04-18 13:00:00,3662687.491493853
Jump 75 Index,SELL,Runner,2026-04-18 12:30:00,15278.16,15241.533125085061,0.01,0.0,0.0,False,0.01,CLOSED_SL,True,MED_VOL_RANGING_NEUTRAL,15241.533125085061,2026-04-18 13:00:00,3662687.491493853
Jump 75 Index,SELL,Scalper,2026-04-18 15:00:00,15279.53,15264.845491232903,0.01,0.0,0.0,False,0.01,CLOSED_SL,True,MED_VOL_RANGING_NEUTRAL,15264.845491232903,2026-04-18 15:30:00,1468450.8767097213
Jump 75 Index,SELL,Runner,2026-04-18 15:00:00,15279.53,15264.845491232903,0.01,0.0,0.0,False,0.01,CLOSED_SL,True,MED_VOL_RANGING_NEUTRAL,15264.845491232903,2026-04-18 15:30:00,1468450.8767097213
Jump 75 Index,SELL,Scalper,2026-04-18 17:30:00,15347.68,15298.78829896761,0.01,0.0,0.0,False,0.01,CLOSED_SL,True,MED_VOL_RANGING_NEUTRAL,15298.78829896761,2026-04-18 18:00:00,4889170.103238939
Jump 75 Index,SELL,Runner,2026-04-18 17:30:00,15347.68,15298.78829896761,0.01,0.0,0.0,False,0.01,CLOSED_SL,True,MED_VOL_RANGING_NEUTRAL,15298.78829896761,2026-04-18 18:00:00,4889170.103238939
Jump 75 Index,BUY,Scalper,2026-04-19 09:30:00,15284.95,15369.358684092173,0.01,0.0,0.0,False,0.01,CLOSED_SL,True,MED_VOL_RANGING_NEUTRAL,15369.358684092173,2026-04-19 10:00:00,8440868.409217183
Jump 75 Index,BUY,Runner,2026-04-19 09:30:00,15284.95,15369.358684092173,0.01,0.0,0.0,False,0.01,CLOSED_SL,True,MED_VOL_RANGING_NEUTRAL,15369.358684092173,2026-04-19 10:00:00,8440868.409217183
Jump 75 Index,BUY,Scalper,2026-04-19 22:30:00,15226.19,15220.069166338842,0.01,9511999.999999898,0.0,True,0.01,CLOSED_SL,True,MED_VOL_RANGING_NEUTRAL,15220.069166338842,2026-04-20 00:00:00,-612083.3661158031
Jump 75 Index,BUY,Runner,2026-04-19 22:30:00,15226.19,15202.765075000001,0.01,9511999.999999898,0.0,True,0.01,CLOSED_SL,True,MED_VOL_RANGING_NEUTRAL,15202.765075000001,2026-04-20 00:00:00,-2342492.499999935
XAGUSD,BUY,Scalper,2026-04-20 12:00:00,79.796,79.87266738672177,0.01,0.0,0.0,False,0.001,CLOSED_SL,False,MED_VOL_TRENDING_NEUTRAL,79.87266738672177,2026-04-20 12:30:00,76667.3867217662
XAGUSD,BUY,Runner,2026-04-20 12:00:00,79.796,79.87266738672177,0.01,0.0,0.0,False,0.001,CLOSED_SL,False,MED_VOL_TRENDING_NEUTRAL,79.87266738672177,2026-04-20 12:30:00,76667.3867217662
XAGUSD,BUY,Scalper,2026-04-20 15:30:00,79.868,79.89376714221008,0.01,0.0,0.0,False,0.001,CLOSED_SL,True,MED_VOL_RANGING_NEUTRAL,79.89376714221008,2026-04-20 16:00:00,25767.14221008558
XAGUSD,BUY,Runner,2026-04-20 15:30:00,79.868,79.89376714221008,0.01,0.0,0.0,False,0.001,CLOSED_SL,True,MED_VOL_RANGING_NEUTRAL,79.89376714221008,2026-04-20 16:00:00,25767.14221008558
XAGUSD,SELL,Scalper,2026-04-21 12:30:00,78.782,77.92803559548055,0.01,3414000.0000000014,-268000.0000000007,False,0.001,CLOSED_SL,True,MED_VOL_RANGING_NEUTRAL,77.92803559548055,2026-04-22 02:00:00,853964.404519445
XAGUSD,SELL,Runner,2026-04-21 12:30:00,78.782,77.92803559548055,0.01,3414000.0000000014,-268000.0000000007,False,0.001,CLOSED_SL,True,MED_VOL_RANGING_NEUTRAL,77.92803559548055,2026-04-22 02:00:00,853964.404519445
XAGUSD,SELL,Scalper,2026-04-22 15:00:00,77.786,77.99109916332323,0.01,194000.00000000262,-224999.99999999432,True,0.001,CLOSED_SL,True,MED_VOL_RANGING_NEUTRAL,77.99109916332323,2026-04-22 17:00:00,-205099.16332322574
XAGUSD,SELL,Runner,2026-04-22 15:00:00,77.786,77.786,0.01,381000.00000000023,-257999.99999999558,False,0.001,CLOSED_SL,True,MED_VOL_RANGING_NEUTRAL,77.786,2026-04-23 00:00:00,0.0
DEX 1500 DOWN Index,BUY,Scalper,2026-04-24 01:00:00,36609.07,36855.76191997562,0.01,0.0,0.0,False,0.01,CLOSED_SL,False,MED_VOL_TRENDING_NEUTRAL,36855.76191997562,2026-04-24 01:30:00,24669191.997562304
DEX 1500 DOWN Index,BUY,Runner,2026-04-24 01:00:00,36609.07,36855.76191997562,0.01,0.0,0.0,False,0.01,CLOSED_SL,False,MED_VOL_TRENDING_NEUTRAL,36855.76191997562,2026-04-24 01:30:00,24669191.997562304
DEX 1500 DOWN Index,BUY,Scalper,2026-04-24 02:00:00,36630.91,36840.25197610976,0.01,0.0,0.0,False,0.01,CLOSED_SL,False,MED_VOL_TRENDING_NEUTRAL,36840.25197610976,2026-04-24 02:30:00,20934197.61097539
DEX 1500 DOWN Index,BUY,Runner,2026-04-24 02:00:00,36630.91,36840.25197610976,0.01,0.0,0.0,False,0.01,CLOSED_SL,False,MED_VOL_TRENDING_NEUTRAL,36840.25197610976,2026-04-24 02:30:00,20934197.61097539
XAGUSD,SELL,Scalper,2026-04-24 08:30:00,74.695,75.41481236882495,0.01,119999.99999999034,-286000.00000000134,True,0.001,CLOSED_SL,False,MED_VOL_TRENDING_NEUTRAL,75.41481236882495,2026-04-24 11:00:00,-719812.3688249609
Volatility 75 Index,SELL,Scalper,2026-04-24 15:30:00,32950.9,32782.91539545028,0.01,0.0,0.0,False,0.01,CLOSED_SL,True,MED_VOL_RANGING_NEUTRAL,32782.91539545028,2026-04-24 16:00:00,16798460.45497179
Volatility 75 Index,SELL,Runner,2026-04-24 15:30:00,32950.9,32782.91539545028,0.01,0.0,0.0,False,0.01,CLOSED_SL,True,MED_VOL_RANGING_NEUTRAL,32782.91539545028,2026-04-24 16:00:00,16798460.45497179
Volatility 75 Index,SELL,Scalper,2026-04-24 18:30:00,33031.48,32865.62473090513,0.01,0.0,0.0,False,0.01,CLOSED_SL,True,MED_VOL_RANGING_NEUTRAL,32865.62473090513,2026-04-24 19:00:00,16585526.90948709
Volatility 75 Index,SELL,Runner,2026-04-24 18:30:00,33031.48,32865.62473090513,0.01,0.0,0.0,False,0.01,CLOSED_SL,True,MED_VOL_RANGING_NEUTRAL,32865.62473090513,2026-04-24 19:00:00,16585526.90948709
Volatility 75 Index,SELL,Scalper,2026-04-24 21:00:00,33014.8,32941.548680053005,0.01,0.0,0.0,False,0.01,CLOSED_SL,True,MED_VOL_RANGING_NEUTRAL,32941.548680053005,2026-04-24 21:30:00,7325131.994699769
Volatility 75 Index,SELL,Runner,2026-04-24 21:00:00,33014.8,32941.548680053005,0.01,0.0,0.0,False,0.01,CLOSED_SL,True,MED_VOL_RANGING_NEUTRAL,32941.548680053005,2026-04-24 21:30:00,7325131.994699769
DEX 1500 DOWN Index,BUY,Scalper,2026-04-24 21:30:00,36805.53,36857.143632928244,0.01,15866000.00000035,0.0,False,0.01,CLOSED_SL,True,MED_VOL_RANGING_NEUTRAL,36857.143632928244,2026-04-24 22:30:00,5161363.292824535
DEX 1500 DOWN Index,BUY,Runner,2026-04-24 21:30:00,36805.53,36857.143632928244,0.01,15866000.00000035,0.0,False,0.01,CLOSED_SL,True,MED_VOL_RANGING_NEUTRAL,36857.143632928244,2026-04-24 22:30:00,5161363.292824535
DEX 1500 DOWN Index,BUY,Scalper,2026-04-25 03:00:00,36745.75,37095.16433466894,0.01,104704000.00000009,0.0,False,0.01,CLOSED_SL,True,MED_VOL_RANGING_NEUTRAL,37095.16433466894,2026-04-25 14:00:00,34941433.46689379
DEX 1500 DOWN Index,BUY,Runner,2026-04-25 03:00:00,36745.75,37095.16433466894,0.01,104704000.00000009,0.0,False,0.01,CLOSED_SL,True,MED_VOL_RANGING_NEUTRAL,37095.16433466894,2026-04-25 14:00:00,34941433.46689379
Jump 75 Index,BUY,Scalper,2026-04-27 05:00:00,15801.4,16083.045307424489,0.01,0.0,0.0,False,0.01,CLOSED_SL,False,MED_VOL_TRENDING_NEUTRAL,16083.045307424489,2026-04-27 05:30:00,28164530.742448915
Jump 75 Index,BUY,Runner,2026-04-27 05:00:00,15801.4,16083.045307424489,0.01,0.0,0.0,False,0.01,CLOSED_SL,False,MED_VOL_TRENDING_NEUTRAL,16083.045307424489,2026-04-27 05:30:00,28164530.742448915
Jump 75 Index,BUY,Scalper,2026-04-27 06:30:00,15762.65,16049.497326617848,0.01,0.0,0.0,False,0.01,CLOSED_SL,False,MED_VOL_TRENDING_NEUTRAL,16049.497326617848,2026-04-27 07:00:00,28684732.6617848
Jump 75 Index,BUY,Runner,2026-04-27 06:30:00,15762.65,16049.497326617848,0.01,0.0,0.0,False,0.01,CLOSED_SL,False,MED_VOL_TRENDING_NEUTRAL,16049.497326617848,2026-04-27 07:00:00,28684732.6617848
Jump 75 Index,BUY,Scalper,2026-04-27 09:00:00,15900.44,16006.655585323497,0.01,0.0,0.0,False,0.01,CLOSED_SL,True,MED_VOL_RANGING_NEUTRAL,16006.655585323497,2026-04-27 09:30:00,10621558.532349627
Jump 75 Index,BUY,Runner,2026-04-27 09:00:00,15900.44,16006.655585323497,0.01,0.0,0.0,False,0.01,CLOSED_SL,True,MED_VOL_RANGING_NEUTRAL,16006.655585323497,2026-04-27 09:30:00,10621558.532349627
XAGUSD,SELL,Runner,2026-04-24 08:30:00,74.695,73.65553604551114,0.01,2669999.9999999874,-1978000.0000000086,False,0.001,CLOSED_SL,False,MED_VOL_TRENDING_NEUTRAL,73.65553604551114,2026-04-29 00:00:00,1039463.9544888518
XAGUSD,SELL,Scalper,2026-04-28 13:30:00,72.649,73.65553604551114,0.01,438000.0000000024,-852999.9999999944,True,0.001,CLOSED_SL,False,HIGH_VOL_TRENDING_NEUTRAL,73.65553604551114,2026-04-29 00:00:00,-1006536.0455111403
Jump 75 Index,SELL,Scalper,2026-04-29 03:00:00,16008.01,15777.713424113826,0.01,0.0,0.0,False,0.01,CLOSED_SL,False,MED_VOL_TRENDING_NEUTRAL,15777.713424113826,2026-04-29 03:30:00,23029657.588617373
Jump 75 Index,SELL,Runner,2026-04-29 03:00:00,16008.01,15777.713424113826,0.01,0.0,0.0,False,0.01,CLOSED_SL,False,MED_VOL_TRENDING_NEUTRAL,15777.713424113826,2026-04-29 03:30:00,23029657.588617373
Jump 75 Index,SELL,Scalper,2026-04-29 06:30:00,15937.96,15817.480490493883,0.01,0.0,0.0,False,0.01,CLOSED_SL,False,MED_VOL_TRENDING_NEUTRAL,15817.480490493883,2026-04-29 07:00:00,12047950.95061163
Jump 75 Index,SELL,Runner,2026-04-29 06:30:00,15937.96,15817.480490493883,0.01,0.0,0.0,False,0.01,CLOSED_SL,False,MED_VOL_TRENDING_NEUTRAL,15817.480490493883,2026-04-29 07:00:00,12047950.95061163
Jump 75 Index,SELL,Scalper,2026-04-29 08:00:00,15958.84,15832.643619619264,0.01,0.0,0.0,False,0.01,CLOSED_SL,False,MED_VOL_TRENDING_NEUTRAL,15832.643619619264,2026-04-29 08:30:00,12619638.038073571
Jump 75 Index,SELL,Runner,2026-04-29 08:00:00,15958.84,15832.643619619264,0.01,0.0,0.0,False,0.01,CLOSED_SL,False,MED_VOL_TRENDING_NEUTRAL,15832.643619619264,2026-04-29 08:30:00,12619638.038073571
XAGUSD,SELL,Runner,2026-04-28 13:30:00,72.649,72.31015903335346,0.01,1799000.0000000065,-1292999.999999992,False,0.001,CLOSED_SL,False,HIGH_VOL_TRENDING_NEUTRAL,72.31015903335346,2026-04-30 01:00:00,338840.96664654353
XAGUSD,SELL,Scalper,2026-04-30 14:00:00,72.952,72.82991030492813,0.01,0.0,0.0,False,0.001,CLOSED_SL,False,MED_VOL_TRENDING_NEUTRAL,72.82991030492813,2026-04-30 14:30:00,122089.69507186396
XAGUSD,SELL,Runner,2026-04-30 14:00:00,72.952,72.82991030492813,0.01,0.0,0.0,False,0.001,CLOSED_SL,False,MED_VOL_TRENDING_NEUTRAL,72.82991030492813,2026-04-30 14:30:00,122089.69507186396
XAGUSD,SELL,Scalper,2026-04-30 15:00:00,73.147,72.86138586779411,0.01,0.0,0.0,False,0.001,CLOSED_SL,False,MED_VOL_TRENDING_NEUTRAL,72.86138586779411,2026-04-30 15:30:00,285614.13220589317
XAGUSD,SELL,Runner,2026-04-30 15:00:00,73.147,72.86138586779411,0.01,0.0,0.0,False,0.001,CLOSED_SL,False,MED_VOL_TRENDING_NEUTRAL,72.86138586779411,2026-04-30 15:30:00,285614.13220589317
Jump 50 Index,BUY,Scalper,2026-05-01 23:30:00,39830.7,40005.548557138674,0.01,0.0,0.0,False,0.01,CLOSED_SL,True,MED_VOL_RANGING_NEUTRAL,40005.548557138674,2026-05-02 00:00:00,17484855.713867728
Jump 50 Index,BUY,Runner,2026-05-01 23:30:00,39830.7,40005.548557138674,0.01,0.0,0.0,False,0.01,CLOSED_SL,True,MED_VOL_RANGING_NEUTRAL,40005.548557138674,2026-05-02 00:00:00,17484855.713867728
XAGUSD,SELL,Scalper,2026-05-05 13:00:00,73.432,73.44745368659737,0.01,0.0,0.0,True,0.001,CLOSED_SL,True,MED_VOL_RANGING_NEUTRAL,73.44745368659737,2026-05-05 13:30:00,-15453.686597368232
XAGUSD,SELL,Runner,2026-05-05 13:00:00,73.432,73.515577,0.01,0.0,0.0,True,0.001,CLOSED_SL,True,MED_VOL_RANGING_NEUTRAL,73.515577,2026-05-05 13:30:00,-83576.99999999112
Jump 75 Index,SELL,Scalper,2026-05-06 00:00:00,12874.84,12667.316465044838,0.01,0.0,0.0,False,0.01,CLOSED_SL,False,MED_VOL_TRENDING_NEUTRAL,12667.316465044838,2026-05-06 00:30:00,20752353.49551622
Jump 75 Index,SELL,Runner,2026-05-06 00:00:00,12874.84,12667.316465044838,0.01,0.0,0.0,False,0.01,CLOSED_SL,False,MED_VOL_TRENDING_NEUTRAL,12667.316465044838,2026-05-06 00:30:00,20752353.49551622
XAGUSD,BUY,Runner,2026-05-06 13:00:00,76.878,76.878,0.01,899000.0000000009,-118999.99999999977,False,0.001,CLOSED_SL,False,MED_VOL_TRENDING_NEUTRAL,76.878,2026-05-06 16:30:00,0.0
AUDUSD DFX 10 Index,SELL,Scalper,2026-05-07 12:30:00,74986.23,74913.33699291313,0.01,0.0,0.0,False,0.01,CLOSED_SL,True,MED_VOL_RANGING_NEUTRAL,74913.33699291313,2026-05-07 13:00:00,7289300.708686642
AUDUSD DFX 10 Index,SELL,Runner,2026-05-07 12:30:00,74986.23,74913.33699291313,0.01,0.0,0.0,False,0.01,CLOSED_SL,True,MED_VOL_RANGING_NEUTRAL,74913.33699291313,2026-05-07 13:00:00,7289300.708686642
XAGUSD,BUY,Scalper,2026-05-06 13:00:00,76.878,79.00087292956245,0.01,5241000.0,-147999.99999999613,False,0.001,CLOSED_SL,False,MED_VOL_TRENDING_NEUTRAL,79.00087292956245,2026-05-07 17:00:00,2122872.9295624476
Jump 75 Index,BUY,Scalper,2026-05-07 21:00:00,12811.24,13095.659539512939,0.01,0.0,0.0,False,0.01,CLOSED_SL,False,MED_VOL_TRENDING_NEUTRAL,13095.659539512939,2026-05-07 21:30:00,28441953.951293908
Jump 75 Index,BUY,Runner,2026-05-07 21:00:00,12811.24,13095.659539512939,0.01,0.0,0.0,False,0.01,CLOSED_SL,False,MED_VOL_TRENDING_NEUTRAL,13095.659539512939,2026-05-07 21:30:00,28441953.951293908
DEX 1500 DOWN Index,SELL,Scalper,2026-05-07 22:00:00,36872.78,36627.38502955784,0.01,0.0,0.0,False,0.01,CLOSED_SL,False,MED_VOL_TRENDING_NEUTRAL,36627.38502955784,2026-05-07 22:30:00,24539497.044216115
DEX 1500 DOWN Index,SELL,Runner,2026-05-07 22:00:00,36872.78,36627.38502955784,0.01,0.0,0.0,False,0.01,CLOSED_SL,False,MED_VOL_TRENDING_NEUTRAL,36627.38502955784,2026-05-07 22:30:00,24539497.044216115
DEX 1500 DOWN Index,SELL,Scalper,2026-05-08 02:30:00,36926.12,36763.56915675984,0.01,0.0,0.0,False,0.01,CLOSED_SL,False,MED_VOL_TRENDING_NEUTRAL,36763.56915675984,2026-05-08 03:00:00,16255084.324016206
DEX 1500 DOWN Index,SELL,Runner,2026-05-08 02:30:00,36926.12,36763.56915675984,0.01,0.0,0.0,False,0.01,CLOSED_SL,False,MED_VOL_TRENDING_NEUTRAL,36763.56915675984,2026-05-08 03:00:00,16255084.324016206
Jump 10 Index,SELL,Scalper,2026-05-08 02:30:00,94975.31,94916.34623486632,0.01,0.0,0.0,False,0.01,CLOSED_SL,True,MED_VOL_RANGING_NEUTRAL,94916.34623486632,2026-05-08 03:00:00,5896376.5133681595
Jump 10 Index,SELL,Runner,2026-05-08 02:30:00,94975.31,94916.34623486632,0.01,0.0,0.0,False,0.01,CLOSED_SL,True,MED_VOL_RANGING_NEUTRAL,94916.34623486632,2026-05-08 03:00:00,5896376.5133681595
Jump 10 Index,BUY,Runner,2026-05-08 12:00:00,95037.42,95037.42,0.01,17497999.999999594,0.0,False,0.01,CLOSED_SL,True,MED_VOL_RANGING_NEUTRAL,95037.42,2026-05-08 13:00:00,0.0
Jump 10 Index,BUY,Scalper,2026-05-08 12:00:00,95037.42,95005.83654476037,0.01,17497999.999999594,-108000.00000017462,True,0.01,CLOSED_SL,True,MED_VOL_RANGING_NEUTRAL,95005.83654476037,2026-05-08 13:30:00,-3158345.5239626346
XAGUSD,BUY,Runner,2026-05-08 08:30:00,80.245,80.245,0.01,1322999.9999999932,-213999.99999999863,False,0.001,CLOSED_SL,True,MED_VOL_RANGING_NEUTRAL,80.245,2026-05-08 15:00:00,0.0
XAGUSD,BUY,Scalper,2026-05-08 08:30:00,80.245,79.97803784151043,0.01,1322999.9999999932,-257000.000000005,True,0.001,CLOSED_SL,True,MED_VOL_RANGING_NEUTRAL,79.97803784151043,2026-05-08 15:30:00,-266962.1584895765
Jump 10 Index,BUY,Scalper,2026-05-09 01:00:00,94983.49,94984.23705499999,0.01,0.0,0.0,False,0.01,CLOSED_SL,True,MED_VOL_RANGING_NEUTRAL,94984.23705499999,2026-05-09 01:30:00,74705.49999852665
Jump 10 Index,BUY,Runner,2026-05-09 01:00:00,94983.49,94984.23705499999,0.01,0.0,0.0,False,0.01,CLOSED_SL,True,MED_VOL_RANGING_NEUTRAL,94984.23705499999,2026-05-09 01:30:00,74705.49999852665
Jump 10 Index,SELL,Scalper,2026-05-09 10:30:00,94947.67,94960.87614536248,0.01,0.0,0.0,True,0.01,CLOSED_SL,True,MED_VOL_RANGING_NEUTRAL,94960.87614536248,2026-05-09 11:00:00,-1320614.53624774
Jump 10 Index,SELL,Runner,2026-05-09 10:30:00,94947.67,94962.88965,0.01,0.0,0.0,True,0.01,CLOSED_SL,True,MED_VOL_RANGING_NEUTRAL,94962.88965,2026-05-09 11:00:00,-1521964.9999999092
Jump 10 Index,BUY,Scalper,2026-05-09 11:30:00,94982.89,94963.37592000002,0.01,0.0,0.0,True,0.01,CLOSED_SL,True,MED_VOL_RANGING_NEUTRAL,94963.37592000002,2026-05-09 12:00:00,-1951407.9999979003
Jump 10 Index,BUY,Runner,2026-05-09 11:30:00,94982.89,94963.37592000002,0.01,0.0,0.0,True,0.01,CLOSED_SL,True,MED_VOL_RANGING_NEUTRAL,94963.37592000002,2026-05-09 12:00:00,-1951407.9999979003
Jump 10 Index,SELL,Scalper,2026-05-10 02:30:00,94941.48,94932.76554907743,0.01,0.0,0.0,False,0.01,CLOSED_SL,True,MED_VOL_RANGING_NEUTRAL,94932.76554907743,2026-05-10 03:00:00,871445.092256181
Jump 10 Index,SELL,Runner,2026-05-10 02:30:00,94941.48,94932.76554907743,0.01,0.0,0.0,False,0.01,CLOSED_SL,True,MED_VOL_RANGING_NEUTRAL,94932.76554907743,2026-05-10 03:00:00,871445.092256181
Jump 10 Index,SELL,Scalper,2026-05-10 03:30:00,94950.23,94931.4641073952,0.01,0.0,0.0,False,0.01,CLOSED_SL,True,MED_VOL_RANGING_NEUTRAL,94931.4641073952,2026-05-10 04:00:00,1876589.2604802502
Jump 10 Index,SELL,Runner,2026-05-10 03:30:00,94950.23,94931.4641073952,0.01,0.0,0.0,False,0.01,CLOSED_SL,True,MED_VOL_RANGING_NEUTRAL,94931.4641073952,2026-05-10 04:00:00,1876589.2604802502
Jump 10 Index,SELL,Scalper,2026-05-10 08:00:00,94970.14,94942.72160839007,0.01,0.0,0.0,False,0.01,CLOSED_SL,True,MED_VOL_RANGING_NEUTRAL,94942.72160839007,2026-05-10 08:30:00,2741839.160992822
Jump 10 Index,SELL,Runner,2026-05-10 08:00:00,94970.14,94942.72160839007,0.01,0.0,0.0,False,0.01,CLOSED_SL,True,MED_VOL_RANGING_NEUTRAL,94942.72160839007,2026-05-10 08:30:00,2741839.160992822
Jump 75 Index,SELL,Scalper,2026-05-10 09:00:00,13014.51,12860.558845711628,0.01,0.0,0.0,False,0.01,CLOSED_SL,True,MED_VOL_RANGING_NEUTRAL,12860.558845711628,2026-05-10 09:30:00,15395115.428837199
Jump 75 Index,SELL,Runner,2026-05-10 09:00:00,13014.51,12860.558845711628,0.01,0.0,0.0,False,0.01,CLOSED_SL,True,MED_VOL_RANGING_NEUTRAL,12860.558845711628,2026-05-10 09:30:00,15395115.428837199
Jump 75 Index,SELL,Scalper,2026-05-10 13:00:00,12995.72,12925.019024903922,0.01,0.0,0.0,False,0.01,CLOSED_SL,True,MED_VOL_RANGING_NEUTRAL,12925.019024903922,2026-05-10 13:30:00,7070097.509607694
Jump 75 Index,SELL,Runner,2026-05-10 13:00:00,12995.72,12925.019024903922,0.01,0.0,0.0,False,0.01,CLOSED_SL,True,MED_VOL_RANGING_NEUTRAL,12925.019024903922,2026-05-10 13:30:00,7070097.509607694
Jump 75 Index,SELL,Scalper,2026-05-10 14:30:00,12981.94,12932.328935333482,0.01,0.0,0.0,False,0.01,CLOSED_SL,True,MED_VOL_RANGING_NEUTRAL,12932.328935333482,2026-05-10 15:00:00,4961106.466651836
Jump 75 Index,SELL,Runner,2026-05-10 14:30:00,12981.94,12932.328935333482,0.01,0.0,0.0,False,0.01,CLOSED_SL,True,MED_VOL_RANGING_NEUTRAL,12932.328935333482,2026-05-10 15:00:00,4961106.466651836
Jump 75 Index,SELL,Scalper,2026-05-10 16:30:00,12937.57,12933.72723221075,0.01,0.0,0.0,False,0.01,CLOSED_SL,True,MED_VOL_RANGING_NEUTRAL,12933.72723221075,2026-05-10 17:00:00,384276.77892505017
Jump 75 Index,SELL,Runner,2026-05-10 16:30:00,12937.57,12933.72723221075,0.01,0.0,0.0,False,0.01,CLOSED_SL,True,MED_VOL_RANGING_NEUTRAL,12933.72723221075,2026-05-10 17:00:00,384276.77892505017
Volatility 75 Index,SELL,Scalper,2026-05-10 18:00:00,34673.0,34515.9957707479,0.01,0.0,0.0,False,0.01,CLOSED_SL,True,MED_VOL_RANGING_NEUTRAL,34515.9957707479,2026-05-10 18:30:00,15700422.925210295
Volatility 75 Index,SELL,Runner,2026-05-10 18:00:00,34673.0,34515.9957707479,0.01,0.0,0.0,False,0.01,CLOSED_SL,True,MED_VOL_RANGING_NEUTRAL,34515.9957707479,2026-05-10 18:30:00,15700422.925210295
Jump 75 Index,SELL,Scalper,2026-05-10 19:00:00,12975.9,12935.717885417587,0.01,0.0,0.0,False,0.01,CLOSED_SL,True,MED_VOL_RANGING_NEUTRAL,12935.717885417587,2026-05-10 19:30:00,4018211.4582412397
Jump 75 Index,SELL,Runner,2026-05-10 19:00:00,12975.9,12935.717885417587,0.01,0.0,0.0,False,0.01,CLOSED_SL,True,MED_VOL_RANGING_NEUTRAL,12935.717885417587,2026-05-10 19:30:00,4018211.4582412397
Volatility 75 Index,BUY,Scalper,2026-05-11 06:30:00,34464.19,34439.349115,0.01,0.0,0.0,True,0.01,CLOSED_SL,True,MED_VOL_RANGING_NEUTRAL,34439.349115,2026-05-11 07:00:00,-2484088.5000005076
Volatility 75 Index,BUY,Runner,2026-05-11 06:30:00,34464.19,34439.349115,0.01,0.0,0.0,True,0.01,CLOSED_SL,True,MED_VOL_RANGING_NEUTRAL,34439.349115,2026-05-11 07:00:00,-2484088.5000005076
DEX 900 DOWN Index,BUY,Scalper,2026-05-11 20:30:00,40865.4,40905.384863736814,0.01,35011999.99999954,0.0,False,0.01,CLOSED_SL,True,MED_VOL_RANGING_NEUTRAL,40905.384863736814,2026-05-11 21:30:00,3998486.373681226
DEX 900 DOWN Index,BUY,Runner,2026-05-11 20:30:00,40865.4,40905.384863736814,0.01,35011999.99999954,0.0,False,0.01,CLOSED_SL,True,MED_VOL_RANGING_NEUTRAL,40905.384863736814,2026-05-11 21:30:00,3998486.373681226
XAGUSD,BUY,Scalper,2026-05-12 13:00:00,84.447,84.33811353302065,0.01,923000.0000000019,0.0,True,0.001,CLOSED_SL,False,MED_VOL_TRENDING_NEUTRAL,84.33811353302065,2026-05-12 14:00:00,-108886.46697935656
XAGUSD,BUY,Runner,2026-05-12 13:00:00,84.447,85.65482964080117,0.01,3359999.9999999995,-1405000.0000000012,False,0.001,CLOSED_SL,False,MED_VOL_TRENDING_NEUTRAL,85.65482964080117,2026-05-13 05:30:00,1207829.6408011653
Jump 50 Index,BUY,Scalper,2026-05-13 23:00:00,42158.91,42681.08600826904,0.01,0.0,0.0,False,0.01,CLOSED_SL,False,MED_VOL_TRENDING_NEUTRAL,42681.08600826904,2026-05-13 23:30:00,52217600.8269038
Jump 50 Index,BUY,Runner,2026-05-13 23:00:00,42158.91,42681.08600826904,0.01,0.0,0.0,False,0.01,CLOSED_SL,False,MED_VOL_TRENDING_NEUTRAL,42681.08600826904,2026-05-13 23:30:00,52217600.8269038
XAGUSD,BUY,Scalper,2026-05-13 13:30:00,86.911,87.15673269721684,0.01,2454999.999999998,-51000.000000001935,False,0.001,CLOSED_SL,True,MED_VOL_RANGING_NEUTRAL,87.15673269721684,2026-05-14 01:00:00,245732.69721683743
XAGUSD,BUY,Runner,2026-05-13 13:30:00,86.911,87.15673269721684,0.01,2454999.999999998,-51000.000000001935,False,0.001,CLOSED_SL,True,MED_VOL_RANGING_NEUTRAL,87.15673269721684,2026-05-14 01:00:00,245732.69721683743
XAGUSD,BUY,Scalper,2026-05-14 08:30:00,87.435,87.1404656087251,0.01,0.0,0.0,True,0.001,CLOSED_SL,True,MED_VOL_RANGING_NEUTRAL,87.1404656087251,2026-05-14 09:00:00,-294534.3912749081
XAGUSD,BUY,Runner,2026-05-14 08:30:00,87.435,84.55572000000001,0.01,39999.99999999204,-2100000.0000000084,True,0.001,CLOSED_SL,True,MED_VOL_RANGING_NEUTRAL,84.55572000000001,2026-05-14 13:30:00,-2879279.9999999944
Jump 10 Index,SELL,Scalper,2026-05-18 02:30:00,93833.76,93603.505055004,0.01,0.0,0.0,False,0.01,CLOSED_SL,False,MED_VOL_TRENDING_NEUTRAL,93603.505055004,2026-05-18 03:00:00,23025494.499599155
Jump 10 Index,SELL,Runner,2026-05-18 02:30:00,93833.76,93603.505055004,0.01,0.0,0.0,False,0.01,CLOSED_SL,False,MED_VOL_TRENDING_NEUTRAL,93603.505055004,2026-05-18 03:00:00,23025494.499599155
Jump 10 Index,SELL,Scalper,2026-05-18 05:00:00,93859.21,93656.18576687484,0.01,0.0,0.0,False,0.01,CLOSED_SL,False,MED_VOL_TRENDING_NEUTRAL,93656.18576687484,2026-05-18 05:30:00,20302423.312516477
Jump 10 Index,SELL,Runner,2026-05-18 05:00:00,93859.21,93656.18576687484,0.01,0.0,0.0,False,0.01,CLOSED_SL,False,MED_VOL_TRENDING_NEUTRAL,93656.18576687484,2026-05-18 05:30:00,20302423.312516477
Jump 10 Index,SELL,Scalper,2026-05-18 07:00:00,93843.78,93690.62717675144,0.01,0.0,0.0,False,0.01,CLOSED_SL,False,MED_VOL_TRENDING_NEUTRAL,93690.62717675144,2026-05-18 07:30:00,15315282.324855797
Jump 10 Index,SELL,Runner,2026-05-18 07:00:00,93843.78,93690.62717675144,0.01,0.0,0.0,False,0.01,CLOSED_SL,False,MED_VOL_TRENDING_NEUTRAL,93690.62717675144,2026-05-18 07:30:00,15315282.324855797
Jump 10 Index,SELL,Scalper,2026-05-18 08:00:00,93853.95,93706.40143459447,0.01,0.0,0.0,False,0.01,CLOSED_SL,False,MED_VOL_TRENDING_NEUTRAL,93706.40143459447,2026-05-18 08:30:00,14754856.540552283
Jump 10 Index,SELL,Runner,2026-05-18 08:00:00,93853.95,93706.40143459447,0.01,0.0,0.0,False,0.01,CLOSED_SL,False,MED_VOL_TRENDING_NEUTRAL,93706.40143459447,2026-05-18 08:30:00,14754856.540552283
Jump 10 Index,SELL,Scalper,2026-05-18 09:00:00,93801.11,93711.00591482558,0.01,0.0,0.0,False,0.01,CLOSED_SL,False,MED_VOL_TRENDING_NEUTRAL,93711.00591482558,2026-05-18 09:30:00,9010408.517441828
Jump 10 Index,SELL,Runner,2026-05-18 09:00:00,93801.11,93711.00591482558,0.01,0.0,0.0,False,0.01,CLOSED_SL,False,MED_VOL_TRENDING_NEUTRAL,93711.00591482558,2026-05-18 09:30:00,9010408.517441828
XAGUSD,SELL,Scalper,2026-05-18 10:30:00,75.664,76.80064955986653,0.01,284000.00000000605,-308999.9999999975,True,0.001,CLOSED_SL,False,LOW_VOL_TRENDING_NEUTRAL,76.80064955986653,2026-05-18 11:30:00,-1136649.5598665266
DEX 1500 DOWN Index,BUY,Scalper,2026-05-18 21:00:00,39078.45,39396.457501982935,0.01,0.0,0.0,False,0.01,CLOSED_SL,False,MED_VOL_TRENDING_NEUTRAL,39396.457501982935,2026-05-18 21:30:00,31800750.198293827
DEX 1500 DOWN Index,BUY,Runner,2026-05-18 21:00:00,39078.45,39396.457501982935,0.01,0.0,0.0,False,0.01,CLOSED_SL,False,MED_VOL_TRENDING_NEUTRAL,39396.457501982935,2026-05-18 21:30:00,31800750.198293827
Jump 50 Index,SELL,Scalper,2026-05-19 07:30:00,40378.88,40298.85677595394,0.01,0.0,0.0,False,0.01,CLOSED_SL,False,MED_VOL_TRENDING_NEUTRAL,40298.85677595394,2026-05-19 08:00:00,8002322.404606093
Jump 50 Index,SELL,Runner,2026-05-19 07:30:00,40378.88,40298.85677595394,0.01,0.0,0.0,False,0.01,CLOSED_SL,False,MED_VOL_TRENDING_NEUTRAL,40298.85677595394,2026-05-19 08:00:00,8002322.404606093
DEX 1500 DOWN Index,SELL,Scalper,2026-05-20 04:00:00,39445.78,39378.85188407667,0.01,0.0,0.0,False,0.01,CLOSED_SL,False,MED_VOL_TRENDING_NEUTRAL,39378.85188407667,2026-05-20 04:30:00,6692811.5923328735
DEX 1500 DOWN Index,SELL,Runner,2026-05-20 04:00:00,39445.78,39378.85188407667,0.01,0.0,0.0,False,0.01,CLOSED_SL,False,MED_VOL_TRENDING_NEUTRAL,39378.85188407667,2026-05-20 04:30:00,6692811.5923328735
DEX 1500 DOWN Index,SELL,Scalper,2026-05-20 05:00:00,39447.66,39386.33675265978,0.01,0.0,0.0,False,0.01,CLOSED_SL,True,MED_VOL_RANGING_NEUTRAL,39386.33675265978,2026-05-20 05:30:00,6132324.734022404
DEX 1500 DOWN Index,SELL,Runner,2026-05-20 05:00:00,39447.66,39386.33675265978,0.01,0.0,0.0,False,0.01,CLOSED_SL,True,MED_VOL_RANGING_NEUTRAL,39386.33675265978,2026-05-20 05:30:00,6132324.734022404
XAGUSD,SELL,Runner,2026-05-18 10:30:00,75.664,74.72010219000532,0.01,2581000.0000000033,-3227000.0000000037,False,0.001,CLOSED_SL,False,LOW_VOL_TRENDING_NEUTRAL,74.72010219000532,2026-05-20 06:00:00,943897.8099946809
DEX 1500 DOWN Index,SELL,Scalper,2026-05-20 06:30:00,39447.23,39401.697857186686,0.01,0.0,0.0,False,0.01,CLOSED_SL,True,MED_VOL_RANGING_NEUTRAL,39401.697857186686,2026-05-20 07:00:00,4553214.281331748
DEX 1500 DOWN Index,SELL,Runner,2026-05-20 06:30:00,39447.23,39401.697857186686,0.01,0.0,0.0,False,0.01,CLOSED_SL,True,MED_VOL_RANGING_NEUTRAL,39401.697857186686,2026-05-20 07:00:00,4553214.281331748
DEX 1500 DOWN Index,SELL,Scalper,2026-05-20 07:30:00,39472.28,39414.47877551144,0.01,0.0,0.0,False,0.01,CLOSED_SL,True,MED_VOL_RANGING_NEUTRAL,39414.47877551144,2026-05-20 08:00:00,5780122.448856127
DEX 1500 DOWN Index,SELL,Runner,2026-05-20 07:30:00,39472.28,39414.47877551144,0.01,0.0,0.0,False,0.01,CLOSED_SL,True,MED_VOL_RANGING_NEUTRAL,39414.47877551144,2026-05-20 08:00:00,5780122.448856127
XAGUSD,SELL,Scalper,2026-05-20 13:30:00,74.911,75.00202747858152,0.01,0.0,0.0,True,0.001,CLOSED_SL,False,LOW_VOL_TRENDING_NEUTRAL,75.00202747858152,2026-05-20 14:00:00,-91027.47858152328
Jump 10 Index,SELL,Scalper,2026-05-20 17:30:00,93073.43,92900.92190911566,0.01,0.0,0.0,False,0.01,CLOSED_SL,False,MED_VOL_TRENDING_NEUTRAL,92900.92190911566,2026-05-20 18:00:00,17250809.088433743
Jump 10 Index,SELL,Runner,2026-05-20 17:30:00,93073.43,92900.92190911566,0.01,0.0,0.0,False,0.01,CLOSED_SL,False,MED_VOL_TRENDING_NEUTRAL,92900.92190911566,2026-05-20 18:00:00,17250809.088433743
Jump 10 Index,SELL,Scalper,2026-05-20 23:00:00,93112.51,93039.51044667246,0.01,0.0,0.0,False,0.01,CLOSED_SL,False,MED_VOL_TRENDING_NEUTRAL,93039.51044667246,2026-05-20 23:30:00,7299955.332753598
Jump 10 Index,SELL,Runner,2026-05-20 23:00:00,93112.51,93039.51044667246,0.01,0.0,0.0,False,0.01,CLOSED_SL,False,MED_VOL_TRENDING_NEUTRAL,93039.51044667246,2026-05-20 23:30:00,7299955.332753598
XAGUSD,SELL,Runner,2026-05-20 13:30:00,74.911,76.794115,0.01,496999.9999999999,-1805999.9999999974,True,0.001,CLOSED_SL,False,LOW_VOL_TRENDING_NEUTRAL,76.794115,2026-05-21 01:30:00,-1883115.0000000037
XAGUSD,SELL,Scalper,2026-05-21 10:30:00,74.968,75.3086673931942,0.01,496000.0000000093,-256000.00000000023,True,0.001,CLOSED_SL,True,MED_VOL_RANGING_NEUTRAL,75.3086673931942,2026-05-21 13:30:00,-340667.39319419523
XAGUSD,SELL,Runner,2026-05-21 10:30:00,74.968,75.81051500000001,0.01,557000.0000000022,-744999.9999999903,True,0.001,CLOSED_SL,True,MED_VOL_RANGING_NEUTRAL,75.81051500000001,2026-05-21 16:00:00,-842515.0000000059
AUDUSD DFX 10 Index,SELL,Scalper,2026-05-21 21:30:00,71510.99,71339.13149610348,0.01,0.0,0.0,False,0.01,CLOSED_SL,True,MED_VOL_RANGING_NEUTRAL,71339.13149610348,2026-05-21 22:00:00,17185850.38965248
AUDUSD DFX 10 Index,SELL,Runner,2026-05-21 21:30:00,71510.99,71339.13149610348,0.01,0.0,0.0,False,0.01,CLOSED_SL,True,MED_VOL_RANGING_NEUTRAL,71339.13149610348,2026-05-21 22:00:00,17185850.38965248
XAGUSD,BUY,Scalper,2026-05-22 13:00:00,76.171,76.01402115640438,0.01,0.0,0.0,True,0.001,CLOSED_SL,True,MED_VOL_RANGING_NEUTRAL,76.01402115640438,2026-05-22 13:30:00,-156978.8435956241
XAGUSD,BUY,Runner,2026-05-22 13:00:00,76.171,75.7946335,0.01,0.0,0.0,True,0.001,CLOSED_SL,True,MED_VOL_RANGING_NEUTRAL,75.7946335,2026-05-22 13:30:00,-376366.50000000314
XAGUSD,BUY,Scalper,2026-05-22 15:30:00,75.87,75.95085387082756,0.01,0.0,0.0,False,0.001,CLOSED_SL,True,MED_VOL_RANGING_NEUTRAL,75.95085387082756,2026-05-22 16:00:00,80853.87082755346
XAGUSD,BUY,Runner,2026-05-22 15:30:00,75.87,75.95085387082756,0.01,0.0,0.0,False,0.001,CLOSED_SL,True,MED_VOL_RANGING_NEUTRAL,75.95085387082756,2026-05-22 16:00:00,80853.87082755346
Volatility 75 Index,BUY,Scalper,2026-05-22 23:00:00,27294.92,27861.664528066158,0.01,158210000.0000002,0.0,False,0.01,CLOSED_SL,False,MED_VOL_TRENDING_NEUTRAL,27861.664528066158,2026-05-23 11:00:00,56674452.806615956
Volatility 75 Index,BUY,Runner,2026-05-22 23:00:00,27294.92,27861.664528066158,0.01,158210000.0000002,0.0,False,0.01,CLOSED_SL,False,MED_VOL_TRENDING_NEUTRAL,27861.664528066158,2026-05-23 11:00:00,56674452.806615956
DEX 1500 DOWN Index,SELL,Scalper,2026-05-24 05:30:00,38386.11,38317.550587092665,0.01,0.0,0.0,False,0.01,CLOSED_SL,True,MED_VOL_RANGING_NEUTRAL,38317.550587092665,2026-05-24 06:00:00,6855941.290733608
DEX 1500 DOWN Index,SELL,Runner,2026-05-24 05:30:00,38386.11,38317.550587092665,0.01,0.0,0.0,False,0.01,CLOSED_SL,True,MED_VOL_RANGING_NEUTRAL,38317.550587092665,2026-05-24 06:00:00,6855941.290733608
DEX 1500 DOWN Index,SELL,Scalper,2026-05-24 06:30:00,38430.29,38320.78846582449,0.01,0.0,0.0,False,0.01,CLOSED_SL,True,MED_VOL_RANGING_NEUTRAL,38320.78846582449,2026-05-24 07:00:00,10950153.417551337
DEX 1500 DOWN Index,SELL,Runner,2026-05-24 06:30:00,38430.29,38320.78846582449,0.01,0.0,0.0,False,0.01,CLOSED_SL,True,MED_VOL_RANGING_NEUTRAL,38320.78846582449,2026-05-24 07:00:00,10950153.417551337
DEX 1500 DOWN Index,SELL,Scalper,2026-05-24 11:30:00,38428.22,38353.02705262857,0.01,0.0,0.0,False,0.01,CLOSED_SL,True,MED_VOL_RANGING_NEUTRAL,38353.02705262857,2026-05-24 12:00:00,7519294.7371433545
DEX 1500 DOWN Index,SELL,Runner,2026-05-24 11:30:00,38428.22,38353.02705262857,0.01,0.0,0.0,False,0.01,CLOSED_SL,True,MED_VOL_RANGING_NEUTRAL,38353.02705262857,2026-05-24 12:00:00,7519294.7371433545
Volatility 75 Index,BUY,Scalper,2026-05-25 21:00:00,28461.04,28842.275428146055,0.01,0.0,0.0,False,0.01,CLOSED_SL,True,MED_VOL_RANGING_NEUTRAL,28842.275428146055,2026-05-25 21:30:00,38123542.81460539
Volatility 75 Index,BUY,Runner,2026-05-25 21:00:00,28461.04,28842.275428146055,0.01,0.0,0.0,False,0.01,CLOSED_SL,True,MED_VOL_RANGING_NEUTRAL,28842.275428146055,2026-05-25 21:30:00,38123542.81460539
XAGUSD,BUY,Scalper,2026-05-26 10:30:00,76.469,76.94520757204708,0.01,0.0,0.0,False,0.001,CLOSED_SL,False,MED_VOL_TRENDING_NEUTRAL,76.94520757204708,2026-05-26 11:00:00,476207.57204708754
XAGUSD,BUY,Runner,2026-05-26 10:30:00,76.469,76.94520757204708,0.01,0.0,0.0,False,0.001,CLOSED_SL,False,MED_VOL_TRENDING_NEUTRAL,76.94520757204708,2026-05-26 11:00:00,476207.57204708754
Volatility 75 Index,BUY,Scalper,2026-05-26 12:00:00,28597.68,28719.125586417907,0.01,0.0,0.0,False,0.01,CLOSED_SL,True,MED_VOL_RANGING_NEUTRAL,28719.125586417907,2026-05-26 12:30:00,12144558.641790718
Volatility 75 Index,BUY,Runner,2026-05-26 12:00:00,28597.68,28719.125586417907,0.01,0.0,0.0,False,0.01,CLOSED_SL,True,MED_VOL_RANGING_NEUTRAL,28719.125586417907,2026-05-26 12:30:00,12144558.641790718
XAGUSD,BUY,Scalper,2026-05-26 13:00:00,76.25,76.79503429042845,0.01,0.0,0.0,False,0.001,CLOSED_SL,False,MED_VOL_TRENDING_NEUTRAL,76.79503429042845,2026-05-26 13:30:00,545034.2904284468
XAGUSD,BUY,Runner,2026-05-26 13:00:00,76.25,76.79503429042845,0.01,0.0,0.0,False,0.001,CLOSED_SL,False,MED_VOL_TRENDING_NEUTRAL,76.79503429042845,2026-05-26 13:30:00,545034.2904284468
XAGUSD,BUY,Scalper,2026-05-26 14:30:00,76.343,76.72987241132458,0.01,0.0,0.0,False,0.001,CLOSED_SL,False,MED_VOL_TRENDING_NEUTRAL,76.72987241132458,2026-05-26 15:00:00,386872.4113245747
XAGUSD,BUY,Runner,2026-05-26 14:30:00,76.343,76.72987241132458,0.01,0.0,0.0,False,0.001,CLOSED_SL,False,MED_VOL_TRENDING_NEUTRAL,76.72987241132458,2026-05-26 15:00:00,386872.4113245747
AUDUSD DFX 10 Index,SELL,Scalper,2026-05-27 02:30:00,71096.94,70993.12893972798,0.01,0.0,0.0,False,0.01,CLOSED_SL,False,MED_VOL_TRENDING_NEUTRAL,70993.12893972798,2026-05-27 03:00:00,10381106.027202623
AUDUSD DFX 10 Index,SELL,Runner,2026-05-27 02:30:00,71096.94,70993.12893972798,0.01,0.0,0.0,False,0.01,CLOSED_SL,False,MED_VOL_TRENDING_NEUTRAL,70993.12893972798,2026-05-27 03:00:00,10381106.027202623
AUDUSD DFX 10 Index,SELL,Scalper,2026-05-27 04:00:00,71093.27,71005.3002499043,0.01,0.0,0.0,False,0.01,CLOSED_SL,False,MED_VOL_TRENDING_NEUTRAL,71005.3002499043,2026-05-27 04:30:00,8796975.009569723
AUDUSD DFX 10 Index,SELL,Runner,2026-05-27 04:00:00,71093.27,71005.3002499043,0.01,0.0,0.0,False,0.01,CLOSED_SL,False,MED_VOL_TRENDING_NEUTRAL,71005.3002499043,2026-05-27 04:30:00,8796975.009569723
DEX 900 DOWN Index,BUY,Scalper,2026-05-27 16:00:00,32688.2,32974.06912312388,0.01,0.0,0.0,False,0.01,CLOSED_SL,False,MED_VOL_TRENDING_NEUTRAL,32974.06912312388,2026-05-27 16:30:00,28586912.312388085
DEX 900 DOWN Index,BUY,Runner,2026-05-27 16:00:00,32688.2,32974.06912312388,0.01,0.0,0.0,False,0.01,CLOSED_SL,False,MED_VOL_TRENDING_NEUTRAL,32974.06912312388,2026-05-27 16:30:00,28586912.312388085
DEX 1500 DOWN Index,SELL,Scalper,2026-05-28 07:00:00,37622.29,37478.36128174588,0.01,0.0,0.0,False,0.01,CLOSED_SL,True,MED_VOL_RANGING_NEUTRAL,37478.36128174588,2026-05-28 07:30:00,14392871.825412294
DEX 1500 DOWN Index,SELL,Runner,2026-05-28 07:00:00,37622.29,37478.36128174588,0.01,0.0,0.0,False,0.01,CLOSED_SL,True,MED_VOL_RANGING_NEUTRAL,37478.36128174588,2026-05-28 07:30:00,14392871.825412294
XAGUSD,SELL,Scalper,2026-05-28 11:00:00,72.97,73.87985037576583,0.01,254000.0000000049,-174000.0000000066,True,0.001,CLOSED_SL,True,MED_VOL_RANGING_NEUTRAL,73.87985037576583,2026-05-28 12:30:00,-909850.3757658278
XAGUSD,SELL,Runner,2026-05-28 11:00:00,72.97,75.750478,0.01,254000.0000000049,-2765000.0000000005,True,0.001,CLOSED_SL,True,MED_VOL_RANGING_NEUTRAL,75.750478,2026-05-28 16:30:00,-2780478.0000000023
AUDUSD DFX 10 Index,SELL,Scalper,2026-05-28 21:30:00,70875.27,70840.92130244602,0.01,0.0,0.0,False,0.01,CLOSED_SL,True,MED_VOL_RANGING_NEUTRAL,70840.92130244602,2026-05-28 22:00:00,3434869.7553985403
AUDUSD DFX 10 Index,SELL,Runner,2026-05-28 21:30:00,70875.27,70840.92130244602,0.01,0.0,0.0,False,0.01,CLOSED_SL,True,MED_VOL_RANGING_NEUTRAL,70840.92130244602,2026-05-28 22:00:00,3434869.7553985403
DEX 1500 DOWN Index,BUY,Scalper,2026-05-29 06:30:00,37403.66,37556.36053108207,0.01,0.0,0.0,False,0.01,CLOSED_SL,False,MED_VOL_TRENDING_NEUTRAL,37556.36053108207,2026-05-29 07:00:00,15270053.108206775
DEX 1500 DOWN Index,BUY,Runner,2026-05-29 06:30:00,37403.66,37556.36053108207,0.01,0.0,0.0,False,0.01,CLOSED_SL,False,MED_VOL_TRENDING_NEUTRAL,37556.36053108207,2026-05-29 07:00:00,15270053.108206775
DEX 1500 DOWN Index,BUY,Scalper,2026-05-29 10:30:00,37331.35,37479.2050627316,0.01,0.0,0.0,False,0.01,CLOSED_SL,True,MED_VOL_RANGING_NEUTRAL,37479.2050627316,2026-05-29 11:00:00,14785506.27315999
DEX 1500 DOWN Index,BUY,Runner,2026-05-29 10:30:00,37331.35,37479.2050627316,0.01,0.0,0.0,False,0.01,CLOSED_SL,True,MED_VOL_RANGING_NEUTRAL,37479.2050627316,2026-05-29 11:00:00,14785506.27315999
XAGUSD,SELL,Scalper,2026-05-29 10:30:00,75.497,75.25588700094666,0.01,0.0,0.0,False,0.001,CLOSED_SL,True,MED_VOL_RANGING_NEUTRAL,75.25588700094666,2026-05-29 11:00:00,241112.9990533425
XAGUSD,SELL,Runner,2026-05-29 10:30:00,75.497,75.25588700094666,0.01,0.0,0.0,False,0.001,CLOSED_SL,True,MED_VOL_RANGING_NEUTRAL,75.25588700094666,2026-05-29 11:00:00,241112.9990533425
DEX 1500 DOWN Index,BUY,Scalper,2026-05-29 12:00:00,37311.19,37460.87743466171,0.01,0.0,0.0,False,0.01,CLOSED_SL,True,MED_VOL_RANGING_NEUTRAL,37460.87743466171,2026-05-29 12:30:00,14968743.466170417
DEX 1500 DOWN Index,BUY,Runner,2026-05-29 12:00:00,37311.19,37460.87743466171,0.01,0.0,0.0,False,0.01,CLOSED_SL,True,MED_VOL_RANGING_NEUTRAL,37460.87743466171,2026-05-29 12:30:00,14968743.466170417
XAGUSD,SELL,Scalper,2026-05-29 12:30:00,75.32,75.3054968053343,0.01,0.0,0.0,False,0.001,CLOSED_SL,True,MED_VOL_RANGING_NEUTRAL,75.3054968053343,2026-05-29 13:00:00,14503.19466569283
XAGUSD,SELL,Runner,2026-05-29 12:30:00,75.32,75.3054968053343,0.01,0.0,0.0,False,0.001,CLOSED_SL,True,MED_VOL_RANGING_NEUTRAL,75.3054968053343,2026-05-29 13:00:00,14503.19466569283
XAGUSD,SELL,Scalper,2026-05-29 14:00:00,75.463,75.30945464150874,0.01,0.0,0.0,False,0.001,CLOSED_SL,True,MED_VOL_RANGING_NEUTRAL,75.30945464150874,2026-05-29 14:30:00,153545.3584912574
XAGUSD,SELL,Runner,2026-05-29 14:00:00,75.463,75.30945464150874,0.01,0.0,0.0,False,0.001,CLOSED_SL,True,MED_VOL_RANGING_NEUTRAL,75.30945464150874,2026-05-29 14:30:00,153545.3584912574
DEX 1500 DOWN Index,BUY,Scalper,2026-05-29 14:30:00,37405.36,37467.29394286434,0.01,0.0,0.0,False,0.01,CLOSED_SL,True,MED_VOL_RANGING_NEUTRAL,37467.29394286434,2026-05-29 15:00:00,6193394.286433613
DEX 1500 DOWN Index,BUY,Runner,2026-05-29 14:30:00,37405.36,37467.29394286434,0.01,0.0,0.0,False,0.01,CLOSED_SL,True,MED_VOL_RANGING_NEUTRAL,37467.29394286434,2026-05-29 15:00:00,6193394.286433613
Jump 75 Index,BUY,Scalper,2026-05-29 07:00:00,11694.23,12477.837843456158,0.01,150114999.99999997,0.0,False,0.01,CLOSED_SL,True,MED_VOL_RANGING_NEUTRAL,12477.837843456158,2026-05-30 02:00:00,78360784.34561586
Jump 75 Index,BUY,Runner,2026-05-29 07:00:00,11694.23,12477.837843456158,0.01,150114999.99999997,0.0,False,0.01,CLOSED_SL,True,MED_VOL_RANGING_NEUTRAL,12477.837843456158,2026-05-30 02:00:00,78360784.34561586
Jump 75 Index,BUY,Scalper,2026-05-31 22:00:00,12277.33,12446.865926506656,0.01,0.0,0.0,False,0.01,CLOSED_SL,True,MED_VOL_RANGING_NEUTRAL,12446.865926506656,2026-05-31 22:30:00,16953592.650665633
Jump 75 Index,BUY,Runner,2026-05-31 22:00:00,12277.33,12446.865926506656,0.01,0.0,0.0,False,0.01,CLOSED_SL,True,MED_VOL_RANGING_NEUTRAL,12446.865926506656,2026-05-31 22:30:00,16953592.650665633
AUDUSD DFX 10 Index,BUY,Runner,2026-06-01 01:00:00,70972.3,70972.3,0.01,4566000.000000349,-879000.0000008149,False,0.01,CLOSED_SL,True,MED_VOL_RANGING_NEUTRAL,70972.3,2026-06-01 02:30:00,0.0
AUDUSD DFX 10 Index,BUY,Scalper,2026-06-01 01:00:00,70972.3,70930.0370143034,0.01,4566000.000000349,-3471000.0000006403,True,0.01,CLOSED_SL,True,MED_VOL_RANGING_NEUTRAL,70930.0370143034,2026-06-01 03:00:00,-4226298.569660867
AUDUSD DFX 10 Index,BUY,Scalper,2026-06-01 09:00:00,70952.98,70933.17979652665,0.01,0.0,0.0,True,0.01,CLOSED_SL,True,MED_VOL_RANGING_NEUTRAL,70933.17979652665,2026-06-01 09:30:00,-1980020.3473350848
AUDUSD DFX 10 Index,BUY,Runner,2026-06-01 09:00:00,70952.98,70897.813915,0.01,0.0,0.0,True,0.01,CLOSED_SL,True,MED_VOL_RANGING_NEUTRAL,70897.813915,2026-06-01 09:30:00,-5516608.499998983
XAGUSD,BUY,Scalper,2026-06-01 09:00:00,75.699,75.55203033841917,0.01,281000.00000000594,-90000.0000000034,True,0.001,CLOSED_SL,True,MED_VOL_RANGING_NEUTRAL,75.55203033841917,2026-06-01 11:00:00,-146969.66158082604
XAGUSD,BUY,Runner,2026-06-01 09:00:00,75.699,75.699,0.01,281000.00000000594,-179000.00000000204,False,0.001,CLOSED_SL,True,MED_VOL_RANGING_NEUTRAL,75.699,2026-06-01 11:30:00,0.0
XAGUSD,BUY,Scalper,2026-06-01 13:00:00,75.761,75.53794373729045,0.01,0.0,0.0,True,0.001,CLOSED_SL,True,MED_VOL_RANGING_NEUTRAL,75.53794373729045,2026-06-01 13:30:00,-223056.26270954803
XAGUSD,BUY,Runner,2026-06-01 13:00:00,75.761,75.366782,0.01,0.0,0.0,True,0.001,CLOSED_SL,True,MED_VOL_RANGING_NEUTRAL,75.366782,2026-06-01 13:30:00,-394217.99999999505
XAGUSD,BUY,Scalper,2026-06-02 11:00:00,76.373,75.807018067178,0.01,304000.00000000204,-555000.0000000069,True,0.001,CLOSED_SL,False,MED_VOL_TRENDING_NEUTRAL,75.807018067178,2026-06-02 13:30:00,-565981.9328219981
XAGUSD,BUY,Runner,2026-06-02 11:00:00,76.373,75.34122162305474,0.01,304000.00000000204,-581000.000000003,True,0.001,CLOSED_SL,False,MED_VOL_TRENDING_NEUTRAL,75.34122162305474,2026-06-02 14:00:00,-1031778.3769452687
AUDUSD DFX 10 Index,SELL,Scalper,2026-06-02 16:30:00,70791.98,70748.64708185685,0.01,0.0,0.0,False,0.01,CLOSED_SL,True,MED_VOL_RANGING_NEUTRAL,70748.64708185685,2026-06-02 17:00:00,4333291.814314725
AUDUSD DFX 10 Index,SELL,Runner,2026-06-02 16:30:00,70791.98,70748.64708185685,0.01,0.0,0.0,False,0.01,CLOSED_SL,True,MED_VOL_RANGING_NEUTRAL,70748.64708185685,2026-06-02 17:00:00,4333291.814314725
AUDUSD DFX 10 Index,SELL,Scalper,2026-06-02 21:00:00,70743.22,70744.71064195284,0.01,0.0,0.0,True,0.01,CLOSED_SL,True,MED_VOL_RANGING_NEUTRAL,70744.71064195284,2026-06-02 21:30:00,-149064.19528415427
AUDUSD DFX 10 Index,SELL,Runner,2026-06-02 21:00:00,70743.22,70733.63941604219,0.01,13502000.000000408,-1994999.999999709,False,0.01,CLOSED_SL,True,MED_VOL_RANGING_NEUTRAL,70733.63941604219,2026-06-03 00:30:00,958058.3957809722
XAGUSD,SELL,Runner,2026-06-03 11:00:00,74.338,74.338,0.01,423999.9999999924,-233000.0000000041,False,0.001,CLOSED_SL,False,MED_VOL_TRENDING_NEUTRAL,74.338,2026-06-03 13:00:00,0.0
XAGUSD,SELL,Scalper,2026-06-03 11:00:00,74.338,73.78675055611654,0.01,1915999.9999999967,-233000.0000000041,False,0.001,CLOSED_SL,False,MED_VOL_TRENDING_NEUTRAL,73.78675055611654,2026-06-04 04:30:00,551249.4438834494
XAGUSD,SELL,Scalper,2026-06-04 09:00:00,73.276,73.62696584277917,0.01,0.0,0.0,True,0.001,CLOSED_SL,True,MED_VOL_RANGING_NEUTRAL,73.62696584277917,2026-06-04 09:30:00,-350965.84277917485
XAGUSD,SELL,Runner,2026-06-04 09:00:00,73.276,74.8076245,0.01,0.0,-1415000.0000000063,True,0.001,CLOSED_SL,True,MED_VOL_RANGING_NEUTRAL,74.8076245,2026-06-04 13:00:00,-1531624.5000000065
XAGUSD,SELL,Scalper,2026-06-04 15:00:00,73.486,73.77767713063616,0.01,0.0,0.0,True,0.001,CLOSED_SL,True,MED_VOL_RANGING_NEUTRAL,73.77767713063616,2026-06-04 15:30:00,-291677.1306361596
XAGUSD,SELL,Runner,2026-06-04 15:00:00,73.486,73.13817646747479,0.01,2224000.0000000037,-652000.000000001,False,0.001,CLOSED_SL,True,MED_VOL_RANGING_NEUTRAL,73.13817646747479,2026-06-05 12:00:00,347823.53252521146
XAGUSD,SELL,Scalper,2026-06-05 09:00:00,72.57,73.13817646747479,0.01,95999.99999998942,-441000.0000000025,True,0.001,CLOSED_SL,False,MED_VOL_TRENDING_NEUTRAL,73.13817646747479,2026-06-05 12:00:00,-568176.4674747996
DEX 1500 DOWN Index,BUY,Scalper,2026-06-06 10:30:00,39536.0,39775.2620165262,0.01,0.0,0.0,False,0.01,CLOSED_SL,False,MED_VOL_TRENDING_NEUTRAL,39775.2620165262,2026-06-06 11:00:00,23926201.652619783
DEX 1500 DOWN Index,BUY,Runner,2026-06-06 10:30:00,39536.0,39775.2620165262,0.01,0.0,0.0,False,0.01,CLOSED_SL,False,MED_VOL_TRENDING_NEUTRAL,39775.2620165262,2026-06-06 11:00:00,23926201.652619783
DEX 1500 DOWN Index,BUY,Scalper,2026-06-06 11:30:00,39529.75,39748.32646738924,0.01,0.0,0.0,False,0.01,CLOSED_SL,False,MED_VOL_TRENDING_NEUTRAL,39748.32646738924,2026-06-06 12:00:00,21857646.738924086
DEX 1500 DOWN Index,BUY,Runner,2026-06-06 11:30:00,39529.75,39748.32646738924,0.01,0.0,0.0,False,0.01,CLOSED_SL,False,MED_VOL_TRENDING_NEUTRAL,39748.32646738924,2026-06-06 12:00:00,21857646.738924086
DEX 900 DOWN Index,BUY,Scalper,2026-06-07 05:30:00,25912.77,26142.682118507408,0.01,0.0,0.0,False,0.01,CLOSED_SL,False,MED_VOL_TRENDING_NEUTRAL,26142.682118507408,2026-06-07 06:00:00,22991211.850740727
DEX 900 DOWN Index,BUY,Runner,2026-06-07 05:30:00,25912.77,26142.682118507408,0.01,0.0,0.0,False,0.01,CLOSED_SL,False,MED_VOL_TRENDING_NEUTRAL,26142.682118507408,2026-06-07 06:00:00,22991211.850740727
Jump 50 Index,BUY,Scalper,2026-06-07 12:30:00,47843.55,48085.05667304854,0.01,0.0,0.0,False,0.01,CLOSED_SL,True,MED_VOL_RANGING_NEUTRAL,48085.05667304854,2026-06-07 13:00:00,24150667.304853413
Jump 50 Index,BUY,Runner,2026-06-07 12:30:00,47843.55,48085.05667304854,0.01,0.0,0.0,False,0.01,CLOSED_SL,True,MED_VOL_RANGING_NEUTRAL,48085.05667304854,2026-06-07 13:00:00,24150667.304853413
XAGUSD,SELL,Runner,2026-06-05 09:00:00,72.57,68.59839279109164,0.01,6412999.999999996,-912000.0000000062,False,0.001,CLOSED_SL,False,MED_VOL_TRENDING_NEUTRAL,68.59839279109164,2026-06-08 12:00:00,3971607.2089083525
XAGUSD,SELL,Runner,2026-06-10 11:30:00,64.177,64.177,0.01,809000.0000000047,0.0,False,0.001,CLOSED_SL,False,MED_VOL_TRENDING_NEUTRAL,64.177,2026-06-10 12:30:00,0.0
XAGUSD,SELL,Scalper,2026-06-10 11:30:00,64.177,65.06725634598563,0.01,809000.0000000047,-884000.0000000003,True,0.001,CLOSED_SL,False,MED_VOL_TRENDING_NEUTRAL,65.06725634598563,2026-06-10 13:30:00,-890256.3459856197
XAGUSD,BUY,Scalper,2026-06-12 13:30:00,66.943,66.28726833548383,0.01,0.0,0.0,True,0.001,CLOSED_SL,True,MED_VOL_RANGING_NEUTRAL,66.28726833548383,2026-06-12 14:00:00,-655731.6645161677
Jump 75 Index,SELL,Scalper,2026-06-13 02:30:00,8004.33,7907.984024324175,0.01,0.0,0.0,False,0.01,CLOSED_SL,True,MED_VOL_RANGING_NEUTRAL,7907.984024324175,2026-06-13 03:00:00,9634597.567582477
Jump 75 Index,SELL,Runner,2026-06-13 02:30:00,8004.33,7907.984024324175,0.01,0.0,0.0,False,0.01,CLOSED_SL,True,MED_VOL_RANGING_NEUTRAL,7907.984024324175,2026-06-13 03:00:00,9634597.567582477
Jump 75 Index,SELL,Scalper,2026-06-13 06:00:00,8046.0,7947.633728409288,0.01,0.0,0.0,False,0.01,CLOSED_SL,True,MED_VOL_RANGING_NEUTRAL,7947.633728409288,2026-06-13 06:30:00,9836627.159071213
Jump 75 Index,SELL,Runner,2026-06-13 06:00:00,8046.0,7947.633728409288,0.01,0.0,0.0,False,0.01,CLOSED_SL,True,MED_VOL_RANGING_NEUTRAL,7947.633728409288,2026-06-13 06:30:00,9836627.159071213
Jump 75 Index,SELL,Scalper,2026-06-13 08:30:00,8041.46,7961.9724016203445,0.01,0.0,0.0,False,0.01,CLOSED_SL,True,MED_VOL_RANGING_NEUTRAL,7961.9724016203445,2026-06-13 09:00:00,7948759.837965554
Jump 75 Index,SELL,Runner,2026-06-13 08:30:00,8041.46,7961.9724016203445,0.01,0.0,0.0,False,0.01,CLOSED_SL,True,MED_VOL_RANGING_NEUTRAL,7961.9724016203445,2026-06-13 09:00:00,7948759.837965554
Jump 75 Index,BUY,Scalper,2026-06-14 22:30:00,7928.33,8030.327868667628,0.01,18839000.000000034,0.0,False,0.01,CLOSED_SL,False,MED_VOL_TRENDING_NEUTRAL,8030.327868667628,2026-06-14 23:30:00,10199786.86676277
Jump 75 Index,BUY,Runner,2026-06-14 22:30:00,7928.33,8030.327868667628,0.01,18839000.000000034,0.0,False,0.01,CLOSED_SL,False,MED_VOL_TRENDING_NEUTRAL,8030.327868667628,2026-06-14 23:30:00,10199786.86676277
Jump 75 Index,BUY,Scalper,2026-06-15 03:00:00,7950.39,7991.933492000588,0.01,0.0,0.0,False,0.01,CLOSED_SL,True,MED_VOL_RANGING_NEUTRAL,7991.933492000588,2026-06-15 03:30:00,4154349.200058732
Jump 75 Index,BUY,Runner,2026-06-15 03:00:00,7950.39,7991.933492000588,0.01,0.0,0.0,False,0.01,CLOSED_SL,True,MED_VOL_RANGING_NEUTRAL,7991.933492000588,2026-06-15 03:30:00,4154349.200058732
DEX 900 DOWN Index,SELL,Scalper,2026-06-15 09:30:00,21788.74,21734.189542053933,0.01,0.0,0.0,False,0.01,CLOSED_SL,True,MED_VOL_RANGING_NEUTRAL,21734.189542053933,2026-06-15 10:00:00,5455045.79460685
DEX 900 DOWN Index,SELL,Runner,2026-06-15 09:30:00,21788.74,21734.189542053933,0.01,0.0,0.0,False,0.01,CLOSED_SL,True,MED_VOL_RANGING_NEUTRAL,21734.189542053933,2026-06-15 10:00:00,5455045.79460685
Volatility 75 Index,BUY,Scalper,2026-06-15 09:30:00,36924.95,37364.583988304475,0.01,0.0,0.0,False,0.01,CLOSED_SL,False,MED_VOL_TRENDING_NEUTRAL,37364.583988304475,2026-06-15 10:00:00,43963398.83044784
Volatility 75 Index,BUY,Runner,2026-06-15 09:30:00,36924.95,37364.583988304475,0.01,0.0,0.0,False,0.01,CLOSED_SL,False,MED_VOL_TRENDING_NEUTRAL,37364.583988304475,2026-06-15 10:00:00,43963398.83044784
DEX 900 DOWN Index,BUY,Scalper,2026-06-15 13:30:00,21764.32,21704.3257595936,0.01,0.0,0.0,True,0.01,CLOSED_SL,True,MED_VOL_RANGING_NEUTRAL,21704.3257595936,2026-06-15 14:00:00,-5999424.040639861
DEX 900 DOWN Index,BUY,Runner,2026-06-15 13:30:00,21764.32,21702.896915,0.01,0.0,0.0,True,0.01,CLOSED_SL,True,MED_VOL_RANGING_NEUTRAL,21702.896915,2026-06-15 14:00:00,-6142308.499999854
Jump 10 Index,SELL,Scalper,2026-06-15 16:00:00,94843.98,94669.55365492245,0.01,0.0,0.0,False,0.01,CLOSED_SL,True,MED_VOL_RANGING_NEUTRAL,94669.55365492245,2026-06-15 16:30:00,17442634.507754702
Jump 10 Index,SELL,Runner,2026-06-15 16:00:00,94843.98,94669.55365492245,0.01,0.0,0.0,False,0.01,CLOSED_SL,True,MED_VOL_RANGING_NEUTRAL,94669.55365492245,2026-06-15 16:30:00,17442634.507754702
Jump 10 Index,SELL,Scalper,2026-06-15 17:30:00,94861.08,94700.97350255914,0.01,0.0,0.0,False,0.01,CLOSED_SL,True,MED_VOL_RANGING_NEUTRAL,94700.97350255914,2026-06-15 18:00:00,16010649.744086549
Jump 10 Index,SELL,Runner,2026-06-15 17:30:00,94861.08,94700.97350255914,0.01,0.0,0.0,False,0.01,CLOSED_SL,True,MED_VOL_RANGING_NEUTRAL,94700.97350255914,2026-06-15 18:00:00,16010649.744086549
Jump 10 Index,SELL,Scalper,2026-06-15 19:30:00,94906.08,94749.49764030759,0.01,0.0,0.0,False,0.01,CLOSED_SL,True,MED_VOL_RANGING_NEUTRAL,94749.49764030759,2026-06-15 20:00:00,15658235.96924165
Jump 10 Index,SELL,Runner,2026-06-15 19:30:00,94906.08,94749.49764030759,0.01,0.0,0.0,False,0.01,CLOSED_SL,True,MED_VOL_RANGING_NEUTRAL,94749.49764030759,2026-06-15 20:00:00,15658235.96924165
Jump 10 Index,SELL,Scalper,2026-06-15 20:30:00,94893.15,94754.76318122973,0.01,0.0,0.0,False,0.01,CLOSED_SL,True,MED_VOL_RANGING_NEUTRAL,94754.76318122973,2026-06-15 21:00:00,13838681.877026102
Jump 10 Index,SELL,Runner,2026-06-15 20:30:00,94893.15,94754.76318122973,0.01,0.0,0.0,False,0.01,CLOSED_SL,True,MED_VOL_RANGING_NEUTRAL,94754.76318122973,2026-06-15 21:00:00,13838681.877026102
XAGUSD,BUY,Runner,2026-06-12 13:30:00,66.943,69.85327766611879,0.01,4370999.999999996,-745000.0000000045,False,0.001,CLOSED_SL,True,MED_VOL_RANGING_NEUTRAL,69.85327766611879,2026-06-15 22:00:00,2910277.6661187876
DEX 900 DOWN Index,SELL,Scalper,2026-06-16 23:00:00,21529.34,21293.729478084846,0.01,0.0,0.0,False,0.01,CLOSED_SL,False,MED_VOL_TRENDING_NEUTRAL,21293.729478084846,2026-06-16 23:30:00,23561052.19151541
DEX 900 DOWN Index,SELL,Runner,2026-06-16 23:00:00,21529.34,21293.729478084846,0.01,0.0,0.0,False,0.01,CLOSED_SL,False,MED_VOL_TRENDING_NEUTRAL,21293.729478084846,2026-06-16 23:30:00,23561052.19151541
DEX 900 DOWN Index,SELL,Scalper,2026-06-17 05:00:00,21409.59,21373.09376665592,0.01,0.0,0.0,False,0.01,CLOSED_SL,True,MED_VOL_RANGING_NEUTRAL,21373.09376665592,2026-06-17 05:30:00,3649623.33440817
DEX 900 DOWN Index,SELL,Runner,2026-06-17 05:00:00,21409.59,21373.09376665592,0.01,0.0,0.0,False,0.01,CLOSED_SL,True,MED_VOL_RANGING_NEUTRAL,21373.09376665592,2026-06-17 05:30:00,3649623.33440817
XAGUSD,BUY,Scalper,2026-06-17 13:00:00,69.944,70.06890926781588,0.01,884000.0000000003,0.0,False,0.001,CLOSED_SL,True,MED_VOL_RANGING_NEUTRAL,70.06890926781588,2026-06-17 14:30:00,124909.2678158803
XAGUSD,BUY,Runner,2026-06-17 13:00:00,69.944,70.06890926781588,0.01,884000.0000000003,0.0,False,0.001,CLOSED_SL,True,MED_VOL_RANGING_NEUTRAL,70.06890926781588,2026-06-17 14:30:00,124909.2678158803
DEX 900 DOWN Index,SELL,Scalper,2026-06-17 18:00:00,21387.8,21310.05944863636,0.01,0.0,0.0,False,0.01,CLOSED_SL,False,MED_VOL_TRENDING_NEUTRAL,21310.05944863636,2026-06-17 18:30:00,7774055.136364041
DEX 900 DOWN Index,SELL,Runner,2026-06-17 18:00:00,21387.8,21310.05944863636,0.01,0.0,0.0,False,0.01,CLOSED_SL,False,MED_VOL_TRENDING_NEUTRAL,21310.05944863636,2026-06-17 18:30:00,7774055.136364041
Volatility 75 Index,BUY,Scalper,2026-06-18 02:30:00,38231.08,38536.90188991189,0.01,0.0,0.0,False,0.01,CLOSED_SL,True,MED_VOL_RANGING_NEUTRAL,38536.90188991189,2026-06-18 03:00:00,30582188.991188742
Volatility 75 Index,BUY,Runner,2026-06-18 02:30:00,38231.08,38536.90188991189,0.01,0.0,0.0,False,0.01,CLOSED_SL,True,MED_VOL_RANGING_NEUTRAL,38536.90188991189,2026-06-18 03:00:00,30582188.991188742
Volatility 75 Index,BUY,Scalper,2026-06-18 03:30:00,38203.76,38503.11669268683,0.01,0.0,0.0,False,0.01,CLOSED_SL,True,MED_VOL_RANGING_NEUTRAL,38503.11669268683,2026-06-18 04:00:00,29935669.26868298
Volatility 75 Index,BUY,Runner,2026-06-18 03:30:00,38203.76,38503.11669268683,0.01,0.0,0.0,False,0.01,CLOSED_SL,True,MED_VOL_RANGING_NEUTRAL,38503.11669268683,2026-06-18 04:00:00,29935669.26868298
Volatility 75 Index,BUY,Scalper,2026-06-18 16:30:00,38091.25,38148.835324917876,0.01,0.0,0.0,False,0.01,CLOSED_SL,True,MED_VOL_RANGING_NEUTRAL,38148.835324917876,2026-06-18 17:00:00,5758532.491787627
Volatility 75 Index,BUY,Runner,2026-06-18 16:30:00,38091.25,38148.835324917876,0.01,0.0,0.0,False,0.01,CLOSED_SL,True,MED_VOL_RANGING_NEUTRAL,38148.835324917876,2026-06-18 17:00:00,5758532.491787627
Jump 75 Index,SELL,Scalper,2026-06-20 14:00:00,8283.69,8214.543313025242,0.01,0.0,0.0,False,0.01,CLOSED_SL,True,MED_VOL_RANGING_NEUTRAL,8214.543313025242,2026-06-20 14:30:00,6914668.697475826
Jump 75 Index,SELL,Runner,2026-06-20 14:00:00,8283.69,8214.543313025242,0.01,0.0,0.0,False,0.01,CLOSED_SL,True,MED_VOL_RANGING_NEUTRAL,8214.543313025242,2026-06-20 14:30:00,6914668.697475826
Jump 75 Index,SELL,Scalper,2026-06-20 16:30:00,8217.41,8194.44535238407,0.01,21896000.000000004,0.0,False,0.01,CLOSED_SL,True,MED_VOL_RANGING_NEUTRAL,8194.44535238407,2026-06-20 19:30:00,2296464.7615930517
Jump 75 Index,SELL,Runner,2026-06-20 16:30:00,8217.41,8194.44535238407,0.01,21896000.000000004,0.0,False,0.01,CLOSED_SL,True,MED_VOL_RANGING_NEUTRAL,8194.44535238407,2026-06-20 19:30:00,2296464.7615930517
Volatility 75 Index,SELL,Scalper,2026-06-21 06:30:00,38155.38,38086.28453448356,0.01,0.0,0.0,False,0.01,CLOSED_SL,True,MED_VOL_RANGING_NEUTRAL,38086.28453448356,2026-06-21 07:00:00,6909546.551643871
Volatility 75 Index,SELL,Runner,2026-06-21 06:30:00,38155.38,38086.28453448356,0.01,0.0,0.0,False,0.01,CLOSED_SL,True,MED_VOL_RANGING_NEUTRAL,38086.28453448356,2026-06-21 07:00:00,6909546.551643871
Jump 50 Index,BUY,Scalper,2026-06-21 15:30:00,65935.07,66222.53700426938,0.01,0.0,0.0,False,0.01,CLOSED_SL,True,MED_VOL_RANGING_NEUTRAL,66222.53700426938,2026-06-21 16:00:00,28746700.426937606
Jump 50 Index,BUY,Runner,2026-06-21 15:30:00,65935.07,66222.53700426938,0.01,0.0,0.0,False,0.01,CLOSED_SL,True,MED_VOL_RANGING_NEUTRAL,66222.53700426938,2026-06-21 16:00:00,28746700.426937606
Jump 50 Index,BUY,Scalper,2026-06-21 16:30:00,66000.63,66190.24397818177,0.01,0.0,0.0,False,0.01,CLOSED_SL,True,MED_VOL_RANGING_NEUTRAL,66190.24397818177,2026-06-21 17:00:00,18961397.81817619
Jump 50 Index,BUY,Runner,2026-06-21 16:30:00,66000.63,66190.24397818177,0.01,0.0,0.0,False,0.01,CLOSED_SL,True,MED_VOL_RANGING_NEUTRAL,66190.24397818177,2026-06-21 17:00:00,18961397.81817619
Jump 50 Index,BUY,Scalper,2026-06-21 20:00:00,65991.96,66060.19139823032,0.01,0.0,0.0,False,0.01,CLOSED_SL,True,MED_VOL_RANGING_NEUTRAL,66060.19139823032,2026-06-21 20:30:00,6823139.8230316695
Jump 50 Index,BUY,Runner,2026-06-21 20:00:00,65991.96,66060.19139823032,0.01,0.0,0.0,False,0.01,CLOSED_SL,True,MED_VOL_RANGING_NEUTRAL,66060.19139823032,2026-06-21 20:30:00,6823139.8230316695
XAGUSD,SELL,Scalper,2026-06-19 11:30:00,64.395,65.20329495526276,0.01,215999.99999999398,-983000.0000000041,True,0.001,CLOSED_SL,False,MED_VOL_TRENDING_NEUTRAL,65.20329495526276,2026-06-22 00:30:00,-808294.9552627667
DEX 1500 DOWN Index,SELL,Scalper,2026-06-23 13:00:00,32072.91,31918.293038024978,0.01,0.0,0.0,False,0.01,CLOSED_SL,True,MED_VOL_RANGING_NEUTRAL,31918.293038024978,2026-06-23 13:30:00,15461696.19750217
DEX 1500 DOWN Index,SELL,Runner,2026-06-23 13:00:00,32072.91,31918.293038024978,0.01,0.0,0.0,False,0.01,CLOSED_SL,True,MED_VOL_RANGING_NEUTRAL,31918.293038024978,2026-06-23 13:30:00,15461696.19750217
Jump 75 Index,SELL,Scalper,2026-06-23 14:00:00,7965.85,7887.195895320674,0.01,0.0,0.0,False,0.01,CLOSED_SL,False,MED_VOL_TRENDING_NEUTRAL,7887.195895320674,2026-06-23 14:30:00,7865410.467932634
Jump 75 Index,SELL,Runner,2026-06-23 14:00:00,7965.85,7887.195895320674,0.01,0.0,0.0,False,0.01,CLOSED_SL,False,MED_VOL_TRENDING_NEUTRAL,7887.195895320674,2026-06-23 14:30:00,7865410.467932634
DEX 1500 DOWN Index,SELL,Scalper,2026-06-23 15:00:00,32053.61,31945.235317484206,0.01,0.0,0.0,False,0.01,CLOSED_SL,True,MED_VOL_RANGING_NEUTRAL,31945.235317484206,2026-06-23 15:30:00,10837468.251579411
DEX 1500 DOWN Index,SELL,Runner,2026-06-23 15:00:00,32053.61,31945.235317484206,0.01,0.0,0.0,False,0.01,CLOSED_SL,True,MED_VOL_RANGING_NEUTRAL,31945.235317484206,2026-06-23 15:30:00,10837468.251579411
Jump 75 Index,SELL,Scalper,2026-06-23 15:00:00,7944.23,7892.010367037655,0.01,0.0,0.0,False,0.01,CLOSED_SL,False,MED_VOL_TRENDING_NEUTRAL,7892.010367037655,2026-06-23 15:30:00,5221963.29623448
Jump 75 Index,SELL,Runner,2026-06-23 15:00:00,7944.23,7892.010367037655,0.01,0.0,0.0,False,0.01,CLOSED_SL,False,MED_VOL_TRENDING_NEUTRAL,7892.010367037655,2026-06-23 15:30:00,5221963.29623448
Jump 75 Index,SELL,Scalper,2026-06-23 17:30:00,7951.9,7911.443979704556,0.01,0.0,0.0,False,0.01,CLOSED_SL,True,MED_VOL_RANGING_NEUTRAL,7911.443979704556,2026-06-23 18:00:00,4045602.029544352
Jump 75 Index,SELL,Runner,2026-06-23 17:30:00,7951.9,7911.443979704556,0.01,0.0,0.0,False,0.01,CLOSED_SL,True,MED_VOL_RANGING_NEUTRAL,7911.443979704556,2026-06-23 18:00:00,4045602.029544352
Jump 75 Index,SELL,Scalper,2026-06-23 19:00:00,7938.81,7919.792138983207,0.01,0.0,0.0,False,0.01,CLOSED_SL,True,MED_VOL_RANGING_NEUTRAL,7919.792138983207,2026-06-23 19:30:00,1901786.1016793177
Jump 75 Index,SELL,Runner,2026-06-23 19:00:00,7938.81,7919.792138983207,0.01,0.0,0.0,False,0.01,CLOSED_SL,True,MED_VOL_RANGING_NEUTRAL,7919.792138983207,2026-06-23 19:30:00,1901786.1016793177
Jump 10 Index,BUY,Scalper,2026-06-23 20:30:00,98423.15,98435.22792213346,0.01,0.0,0.0,False,0.01,CLOSED_SL,True,MED_VOL_RANGING_NEUTRAL,98435.22792213346,2026-06-23 21:00:00,1207792.2133466927
Jump 10 Index,BUY,Runner,2026-06-23 20:30:00,98423.15,98435.22792213346,0.01,0.0,0.0,False,0.01,CLOSED_SL,True,MED_VOL_RANGING_NEUTRAL,98435.22792213346,2026-06-23 21:00:00,1207792.2133466927
Jump 75 Index,SELL,Scalper,2026-06-23 21:30:00,7918.03,7926.627662843971,0.01,0.0,0.0,True,0.01,CLOSED_SL,True,MED_VOL_RANGING_NEUTRAL,7926.627662843971,2026-06-23 22:00:00,-859766.2843971193
Jump 75 Index,SELL,Runner,2026-06-23 21:30:00,7918.03,7966.60779,0.01,0.0,0.0,True,0.01,CLOSED_SL,True,MED_VOL_RANGING_NEUTRAL,7966.60779,2026-06-23 22:00:00,-4857779.000000028
Jump 75 Index,SELL,Scalper,2026-06-23 23:00:00,7942.53,7932.941721102218,0.01,0.0,0.0,False,0.01,CLOSED_SL,True,MED_VOL_RANGING_NEUTRAL,7932.941721102218,2026-06-23 23:30:00,958827.8897781493
Jump 75 Index,SELL,Runner,2026-06-23 23:00:00,7942.53,7932.941721102218,0.01,0.0,0.0,False,0.01,CLOSED_SL,True,MED_VOL_RANGING_NEUTRAL,7932.941721102218,2026-06-23 23:30:00,958827.8897781493
Jump 10 Index,BUY,Scalper,2026-06-23 23:30:00,98423.99,98402.70881716699,0.01,6850000.0,-1712000.0000009895,True,0.01,CLOSED_SL,True,MED_VOL_RANGING_NEUTRAL,98402.70881716699,2026-06-24 00:30:00,-2128118.283301592
Jump 10 Index,BUY,Runner,2026-06-23 23:30:00,98423.99,98382.20905,0.01,6850000.0,-1712000.0000009895,True,0.01,CLOSED_SL,True,MED_VOL_RANGING_NEUTRAL,98382.20905,2026-06-24 00:30:00,-4178095.0000000303
Jump 75 Index,SELL,Scalper,2026-06-24 01:30:00,7983.28,7947.876459138052,0.01,0.0,0.0,False,0.01,CLOSED_SL,True,MED_VOL_RANGING_NEUTRAL,7947.876459138052,2026-06-24 02:00:00,3540354.0861947476
Jump 75 Index,SELL,Runner,2026-06-24 01:30:00,7983.28,7947.876459138052,0.01,0.0,0.0,False,0.01,CLOSED_SL,True,MED_VOL_RANGING_NEUTRAL,7947.876459138052,2026-06-24 02:00:00,3540354.0861947476
XAGUSD,SELL,Runner,2026-06-19 11:30:00,64.395,62.14417302897318,0.01,3673999.9999999995,-2754000.0000000047,False,0.001,CLOSED_SL,False,MED_VOL_TRENDING_NEUTRAL,62.14417302897318,2026-06-24 06:00:00,2250826.9710268183
XAGUSD,SELL,Scalper,2026-06-23 14:30:00,62.058,62.14417302897318,0.01,1337000.0000000033,-277999.9999999987,True,0.001,CLOSED_SL,False,MED_VOL_TRENDING_NEUTRAL,62.14417302897318,2026-06-24 06:00:00,-86173.02897317814
XAGUSD,SELL,Runner,2026-06-23 14:30:00,62.058,62.058,0.01,1337000.0000000033,-277999.9999999987,False,0.001,CLOSED_SL,False,MED_VOL_TRENDING_NEUTRAL,62.058,2026-06-24 06:00:00,0.0
Jump 75 Index,SELL,Scalper,2026-06-24 05:30:00,7952.89,7947.540238303836,0.01,0.0,0.0,False,0.01,CLOSED_SL,True,MED_VOL_RANGING_NEUTRAL,7947.540238303836,2026-06-24 06:00:00,534976.1696164024
Jump 75 Index,SELL,Runner,2026-06-24 05:30:00,7952.89,7947.540238303836,0.01,0.0,0.0,False,0.01,CLOSED_SL,True,MED_VOL_RANGING_NEUTRAL,7947.540238303836,2026-06-24 06:00:00,534976.1696164024
Jump 75 Index,SELL,Scalper,2026-06-24 07:00:00,7974.55,7952.428994400404,0.01,0.0,0.0,False,0.01,CLOSED_SL,True,MED_VOL_RANGING_NEUTRAL,7952.428994400404,2026-06-24 07:30:00,2212100.5599596174
Jump 75 Index,SELL,Runner,2026-06-24 07:00:00,7974.55,7952.428994400404,0.01,0.0,0.0,False,0.01,CLOSED_SL,True,MED_VOL_RANGING_NEUTRAL,7952.428994400404,2026-06-24 07:30:00,2212100.5599596174
Volatility 75 Index,BUY,Scalper,2026-06-24 16:30:00,38895.61,39102.63367874823,0.01,0.0,0.0,False,0.01,CLOSED_SL,True,MED_VOL_RANGING_NEUTRAL,39102.63367874823,2026-06-24 17:00:00,20702367.87482281
Volatility 75 Index,BUY,Runner,2026-06-24 16:30:00,38895.61,39102.63367874823,0.01,0.0,0.0,False,0.01,CLOSED_SL,True,MED_VOL_RANGING_NEUTRAL,39102.63367874823,2026-06-24 17:00:00,20702367.87482281
XAGUSD,SELL,Scalper,2026-06-24 08:00:00,61.526,58.05177958907853,0.01,5921000.0000000065,-105999.99999999454,False,0.001,CLOSED_SL,False,MED_VOL_TRENDING_NEUTRAL,58.05177958907853,2026-06-25 12:30:00,3474220.4109214754
XAGUSD,SELL,Runner,2026-06-24 08:00:00,61.526,58.05177958907853,0.01,5921000.0000000065,-105999.99999999454,False,0.001,CLOSED_SL,False,MED_VOL_TRENDING_NEUTRAL,58.05177958907853,2026-06-25 12:30:00,3474220.4109214754
XAGUSD,SELL,Scalper,2026-06-25 14:00:00,57.0,58.0245605753472,0.01,0.0,0.0,True,0.001,CLOSED_SL,False,MED_VOL_TRENDING_NEUTRAL,58.0245605753472,2026-06-25 14:30:00,-1024560.575347202
XAGUSD,SELL,Runner,2026-06-25 14:00:00,57.0,57.0,0.01,1307000.000000002,-1814000.0,False,0.001,CLOSED_SL,False,MED_VOL_TRENDING_NEUTRAL,57.0,2026-06-26 06:00:00,0.0
DEX 1500 DOWN Index,BUY,Scalper,2026-06-27 03:30:00,32143.31,32241.67158438962,0.01,0.0,0.0,False,0.01,CLOSED_SL,True,MED_VOL_RANGING_NEUTRAL,32241.67158438962,2026-06-27 04:00:00,9836158.438961865
DEX 1500 DOWN Index,BUY,Runner,2026-06-27 03:30:00,32143.31,32241.67158438962,0.01,0.0,0.0,False,0.01,CLOSED_SL,True,MED_VOL_RANGING_NEUTRAL,32241.67158438962,2026-06-27 04:00:00,9836158.438961865
DEX 1500 DOWN Index,BUY,Scalper,2026-06-27 05:00:00,32183.45,32231.693551438395,0.01,0.0,0.0,False,0.01,CLOSED_SL,True,MED_VOL_RANGING_NEUTRAL,32231.693551438395,2026-06-27 05:30:00,4824355.143839421
DEX 1500 DOWN Index,BUY,Runner,2026-06-27 05:00:00,32183.45,32231.693551438395,0.01,0.0,0.0,False,0.01,CLOSED_SL,True,MED_VOL_RANGING_NEUTRAL,32231.693551438395,2026-06-27 05:30:00,4824355.143839421
DEX 1500 DOWN Index,SELL,Scalper,2026-06-27 08:00:00,32182.61,32230.090930000002,0.01,0.0,0.0,True,0.01,CLOSED_SL,True,MED_VOL_RANGING_NEUTRAL,32230.090930000002,2026-06-27 08:30:00,-4748093.000000154
DEX 1500 DOWN Index,SELL,Runner,2026-06-27 08:00:00,32182.61,32230.090930000002,0.01,0.0,0.0,True,0.01,CLOSED_SL,True,MED_VOL_RANGING_NEUTRAL,32230.090930000002,2026-06-27 08:30:00,-4748093.000000154
Jump 10 Index,SELL,Scalper,2026-06-27 09:30:00,97510.05,97360.41217430908,0.01,0.0,0.0,False,0.01,CLOSED_SL,True,MED_VOL_RANGING_NEUTRAL,97360.41217430908,2026-06-27 10:00:00,14963782.56909229
Jump 10 Index,SELL,Runner,2026-06-27 09:30:00,97510.05,97360.41217430908,0.01,0.0,0.0,False,0.01,CLOSED_SL,True,MED_VOL_RANGING_NEUTRAL,97360.41217430908,2026-06-27 10:00:00,14963782.56909229
Jump 10 Index,SELL,Scalper,2026-06-28 01:30:00,97326.73,97292.09779874946,0.01,24230999.99999977,0.0,False,0.01,CLOSED_SL,True,MED_VOL_RANGING_NEUTRAL,97292.09779874946,2026-06-28 03:00:00,3463220.1250540675
Jump 10 Index,SELL,Runner,2026-06-28 01:30:00,97326.73,97292.09779874946,0.01,24230999.99999977,0.0,False,0.01,CLOSED_SL,True,MED_VOL_RANGING_NEUTRAL,97292.09779874946,2026-06-28 03:00:00,3463220.1250540675
Jump 75 Index,SELL,Scalper,2026-06-28 10:30:00,7928.4,7766.380007625455,0.01,0.0,0.0,False,0.01,CLOSED_SL,False,MED_VOL_TRENDING_NEUTRAL,7766.380007625455,2026-06-28 11:00:00,16201999.237454493
Jump 75 Index,SELL,Runner,2026-06-28 10:30:00,7928.4,7766.380007625455,0.01,0.0,0.0,False,0.01,CLOSED_SL,False,MED_VOL_TRENDING_NEUTRAL,7766.380007625455,2026-06-28 11:00:00,16201999.237454493
Jump 75 Index,SELL,Scalper,2026-06-28 17:00:00,7949.1,7867.375687189469,0.01,0.0,0.0,False,0.01,CLOSED_SL,False,MED_VOL_TRENDING_NEUTRAL,7867.375687189469,2026-06-28 17:30:00,8172431.281053104
Jump 75 Index,SELL,Runner,2026-06-28 17:00:00,7949.1,7867.375687189469,0.01,0.0,0.0,False,0.01,CLOSED_SL,False,MED_VOL_TRENDING_NEUTRAL,7867.375687189469,2026-06-28 17:30:00,8172431.281053104
Jump 75 Index,SELL,Scalper,2026-06-28 18:30:00,7893.49,7865.007198404187,0.01,17296999.999999933,0.0,False,0.01,CLOSED_SL,False,MED_VOL_TRENDING_NEUTRAL,7865.007198404187,2026-06-28 20:00:00,2848280.1595812817
Jump 75 Index,SELL,Runner,2026-06-28 18:30:00,7893.49,7865.007198404187,0.01,17296999.999999933,0.0,False,0.01,CLOSED_SL,False,MED_VOL_TRENDING_NEUTRAL,7865.007198404187,2026-06-28 20:00:00,2848280.1595812817
DEX 900 DOWN Index,BUY,Scalper,2026-06-28 22:00:00,21590.9,21976.331531182117,0.01,0.0,0.0,False,0.01,CLOSED_SL,False,MED_VOL_TRENDING_NEUTRAL,21976.331531182117,2026-06-28 22:30:00,38543153.11821156
DEX 900 DOWN Index,BUY,Runner,2026-06-28 22:00:00,21590.9,21976.331531182117,0.01,0.0,0.0,False,0.01,CLOSED_SL,False,MED_VOL_TRENDING_NEUTRAL,21976.331531182117,2026-06-28 22:30:00,38543153.11821156
Jump 10 Index,BUY,Scalper,2026-06-29 08:00:00,97195.04,97231.71008777739,0.01,0.0,0.0,False,0.01,CLOSED_SL,True,MED_VOL_RANGING_NEUTRAL,97231.71008777739,2026-06-29 08:30:00,3667008.7777398294
Jump 10 Index,BUY,Runner,2026-06-29 08:00:00,97195.04,97231.71008777739,0.01,0.0,0.0,False,0.01,CLOSED_SL,True,MED_VOL_RANGING_NEUTRAL,97231.71008777739,2026-06-29 08:30:00,3667008.7777398294
XAGUSD,SELL,Scalper,2026-06-29 12:30:00,58.03,58.30626637040271,0.01,0.0,0.0,True,0.001,CLOSED_SL,False,MED_VOL_TRENDING_NEUTRAL,58.30626637040271,2026-06-29 13:00:00,-276266.37040270906
XAGUSD,SELL,Runner,2026-06-29 12:30:00,58.03,58.95182118640781,0.01,0.0,-637000.0000000005,True,0.001,CLOSED_END,False,MED_VOL_TRENDING_NEUTRAL,58.554,,-524000.00000000093
